,commande_id,client_id,ville_livraison,date_commande,date_livraison_prevue,date_livraison_reelle,poids_kg,transporteur,distance_km,nb_articles,statut,nb_jour_retard,niveau_retard
0,CMD-2495,CLI-8234,Derrickbury,2024-12-28 17:42:49,2025-12-02 14:51:23,2026-07-02 10:01:44,98.76647173489278,RelaisMaison,10.7,68,en_cours,211,Important
1,CMD-281,CLI-7924,Lake Mary,2025-01-08 15:00:11,2025-06-05 07:58:33,2026-01-30 11:06:21,23.3,LaBP,40.64122448979591,81,livre,239,Important
3,CMD-1525,CLI-6420,Lake Wayneside,2026-02-21 01:17:26,2026-07-19 13:35:31,2026-07-26 09:17:15,124.7,RelaisMaison,10.9,83,livre,6,Important
6,CMD-9110,CLI-5543,Johntown,2023-11-30 04:32:42,2024-06-09 15:37:39,2024-09-19 12:59:31,98.76647173489278,RelaisMaison,18.5,44,livre,101,Important
8,CMD-1235,CLI-1608,Allenhaven,2025-08-21 15:01:05,2026-03-31 08:48:40,2026-05-22 19:11:04,120.9,KKExpress,31.5,23,en_cours,52,Important
9,CMD-7819,CLI-3414,Wongborough,2025-03-15 09:23:16,2026-03-03 10:04:14,2026-07-30 16:34:16,54.4,LivrHome,65.4,75,livre,149,Important
10,CMD-451,CLI-9565,East Rachelshire,2023-12-31 00:49:11,2024-07-15 01:10:26,2025-12-06 07:50:25,16.5,LivrHome,14.2,79,livre,509,Important
12,CMD-2867,CLI-570,Lake Pamelachester,2024-09-07 11:32:55,2025-08-04 11:18:26,2026-07-12 02:39:54,76.2,RapidTrans,65.8,58,inconnu,341,Important
13,CMD-3005,CLI-7016,Rogerbury,2024-06-04 15:51:16,2026-05-25 01:59:22,2026-08-04 04:08:02,999.0,DDPP,72.2,17,livre,71,Important
14,CMD-3869,CLI-2740,West Robertville,2026-02-13 18:00:40,2026-05-05 10:14:28,2026-05-28 20:11:05,999.0,LivrHome,75.2,58,inconnu,23,Important
18,CMD-424,CLI-7491,Port Susan,2025-03-19 05:56:28,2026-06-03 21:45:21,2026-08-03 06:05:33,7.7,LivrHome,28.2,58,livre,60,Important
20,CMD-2789,CLI-1866,Lake Paul,2026-02-13 18:05:38,2026-04-29 06:05:30,2026-05-19 08:51:04,121.7,LivrHome,39.2,56,livre,20,Important
21,CMD-2411,CLI-1334,Valenciaburgh,2024-12-06 21:59:14,2025-09-06 15:19:54,2026-02-23 05:21:31,21.6,KKExpress,17.8,58,en_cours,169,Important
24,CMD-3341,CLI-2866,Richardchester,2025-08-23 03:50:31,2026-03-21 23:34:31,2026-07-01 07:11:04,98.76647173489278,LivrHome,59.9,47,en_cours,101,Important
27,CMD-9152,CLI-1106,Williamsstad,2026-02-05 15:54:57,2026-07-15 12:33:50,2026-08-03 03:18:59,18.4,LaBP,32.9,3,inconnu,18,Important
29,CMD-10234,CLI-5521,Lyon,2024-09-12 10:03:00,2024-09-13 18:00:00,2024-09-14 09:20:00,2.3,ColisExpress,14.5,3,livree,0,A l'heure
30,CMD-7853,CLI-9648,New Kevinmouth,2024-06-24 17:51:41,2025-06-13 09:47:15,2025-07-28 15:28:20,20.3,RapidTrans,10.3,33,en_cours,45,Important
31,CMD-4260,CLI-2392,Aliciafurt,2025-05-22 02:25:11,2026-05-18 12:08:41,2026-07-04 09:42:30,54.3,RapidTrans,5.3,110,en_cours,46,Important
33,CMD-302,CLI-8494,Englishburgh,2025-01-22 14:59:07,2025-11-20 16:59:10,2026-05-08 06:16:02,150.0,ColisExpress,55.8,100,inconnu,168,Important
37,CMD-1678,CLI-6697,Carpenterstad,2025-07-01 09:29:43,2025-09-27 22:02:23,2026-03-28 05:55:52,0.8,RapidTrans,28.9,93,inconnu,181,Important
39,CMD-2232,CLI-6841,Emilyview,2025-06-07 07:30:38,2026-07-30 22:34:29,2026-08-03 04:53:19,36.2,KKExpress,40.64122448979591,98,en_cours,3,Léger
43,CMD-9759,CLI-8624,Ashleeburgh,2024-09-16 19:19:41,2026-02-12 08:48:15,2026-03-14 19:14:23,7.4,RapidTrans,6.2,58,inconnu,30,Important
44,CMD-103,CLI-5468,Snydermouth,2023-12-11 11:46:48,2025-05-14 13:04:59,2026-07-12 07:33:22,34.3,RelaisMaison,47.0,94,livre,423,Important
46,CMD-6429,CLI-4963,Weeksmouth,2023-12-23 21:04:29,2024-11-28 06:48:57,2025-10-08 08:12:21,90.4,ColisExpress,48.3,31,en_cours,314,Important
47,CMD-8856,CLI-9038,Rachelland,2024-08-03 01:45:08,2024-10-17 17:46:50,2026-04-28 10:06:25,63.1,RapidTrans,40.64122448979591,107,en_cours,557,Important
48,CMD-5019,CLI-9899,Julieshire,2024-09-28 10:05:17,2025-12-02 15:20:41,2026-03-09 23:24:20,31.5,LivrHome,9.0,99,en_cours,97,Important
49,CMD-8987,CLI-2754,Barnettchester,2026-03-12 23:39:33,2026-07-15 07:53:36,2026-08-01 18:46:19,53.7,KKExpress,24.5,14,livre,17,Important
50,CMD-9396,CLI-4174,Brandonhaven,2025-02-17 04:29:33,2025-09-05 11:39:48,2026-01-13 18:25:22,83.5,RapidTrans,30.2,106,en_cours,130,Important
51,CMD-1302,CLI-9678,North Amber,2026-06-25 03:57:42,2026-06-29 03:55:34,2026-07-02 06:25:01,82.6,RapidTrans,69.6,43,en_cours,3,Léger
53,CMD-4769,CLI-1325,South Terry,2024-05-22 09:09:18,2025-06-22 15:05:16,2025-10-10 17:03:48,21.6,RelaisMaison,74.9,58,en_cours,110,Important
54,CMD-1912,CLI-8400,Mccartyville,2023-12-19 05:01:01,2024-11-19 19:03:55,2026-01-11 01:49:30,126.2,LivrHome,6.0,94,en_cours,417,Important
56,CMD-3258,CLI-9130,West Jennatown,2024-12-09 14:16:55,2025-01-02 21:43:43,2026-07-16 18:22:24,87.1,RapidTrans,43.4,26,inconnu,559,Important
58,CMD-1035,CLI-8259,Port Juliestad,2025-10-07 08:44:53,2025-11-28 03:45:50,2026-03-12 11:13:06,82.4,DDPP,54.7,10,livre,104,Important
61,CMD-5293,CLI-4566,East Gregoryview,2024-01-16 12:27:32,2025-07-16 21:48:08,2025-08-13 15:04:48,127.3,DDPP,56.9,90,en_cours,27,Important
63,CMD-367,CLI-5996,Knightburgh,2024-09-11 17:21:10,2024-12-16 18:07:12,2025-06-10 16:31:10,33.1,LaBP,8.6,96,livre,175,Important
64,CMD-4315,CLI-1551,New Christopher,2024-10-16 07:03:27,2026-04-22 05:49:54,2026-07-11 03:27:10,74.1,RelaisMaison,78.3,33,en_cours,79,Important
65,CMD-2783,CLI-477,Fletcherstad,2024-06-10 02:22:37,2026-05-22 03:17:22,2026-06-06 13:14:00,8.7,KKExpress,6.6,44,livre,15,Important
69,CMD-777,CLI-6330,Michaelmouth,2025-10-23 18:11:13,2026-04-13 15:08:36,2026-07-03 20:48:04,67.8,LivrHome,49.8,27,inconnu,81,Important
70,CMD-1728,CLI-3345,New Ruth,2025-09-17 08:28:14,2026-03-02 14:40:46,2026-03-22 04:31:54,27.5,RapidTrans,63.0,65,en_cours,19,Important
72,CMD-5509,CLI-5872,North Toddmouth,2026-02-03 18:18:52,2026-06-23 01:59:59,2026-08-04 16:24:39,33.8,LaBP,19.8,100,en_cours,42,Important
73,CMD-6042,CLI-94,Pageside,2025-02-07 22:39:01,2025-03-18 06:58:07,2026-02-10 02:13:40,121.1,LaBP,37.3,58,livre,328,Important
74,CMD-5658,CLI-5761,Rachelfurt,2025-08-27 06:20:11,2026-02-28 17:20:57,2026-05-23 16:49:48,150.0,RelaisMaison,14.3,53,livre,83,Important
75,CMD-3969,CLI-3378,East Jose,2026-06-13 14:17:42,2026-07-12 13:08:11,2026-08-02 12:31:15,7.4,RapidTrans,75.6,58,en_cours,20,Important
76,CMD-8212,CLI-4039,Matthewsport,2025-08-23 10:15:58,2026-03-05 19:21:45,2026-03-13 21:18:01,74.8,RapidTrans,29.6,3,livre,8,Important
77,CMD-168,CLI-4402,Huntermouth,2024-07-01 02:16:00,2026-04-03 17:41:49,2026-05-03 08:50:35,108.2,LaBP,41.5,113,livre,29,Important
79,CMD-6822,CLI-916,Breannaview,2026-02-05 07:16:20,2026-05-04 00:03:57,2026-07-30 07:56:34,120.5,LivrHome,14.6,110,inconnu,87,Important
80,CMD-4934,CLI-7632,Boothstad,2024-11-12 09:11:47,2026-03-09 15:33:09,2026-07-22 17:07:45,30.4,RapidTrans,58.7,22,livre,135,Important
81,CMD-8704,CLI-2898,West Michaelmouth,2024-07-31 12:38:34,2026-01-02 09:06:18,2026-06-04 09:19:45,3.4,LivrHome,61.1,29,livre,153,Important
82,CMD-2664,CLI-7712,East Brandonshire,2025-08-06 23:24:42,2025-09-06 18:49:32,2025-12-11 03:45:46,8.2,DDPP,15.6,57,en_cours,95,Important
84,CMD-6959,CLI-8705,West Sean,2026-03-01 17:39:03,2026-05-31 21:15:54,2026-07-21 01:52:47,93.7,DDPP,43.7,76,livre,50,Important
85,CMD-4888,CLI-8270,New Leechester,2025-08-24 07:09:32,2025-10-30 23:15:28,2026-05-07 00:24:40,104.7,KKExpress,69.8,4,livre,188,Important
86,CMD-1707,CLI-5761,Katiebury,2025-07-21 15:50:51,2026-05-22 03:43:46,2026-06-08 08:40:08,84.5,KKExpress,17.9,15,en_cours,17,Important
88,CMD-9481,CLI-8166,West Rachael,2024-04-27 21:42:13,2025-08-27 06:07:02,2026-01-10 13:02:20,82.3,LivrHome,30.1,98,en_cours,136,Important
89,CMD-3431,CLI-2931,Juarezfort,2023-11-23 14:33:14,2025-05-17 15:32:42,2025-12-30 01:26:56,19.8,KKExpress,40.64122448979591,95,en_cours,226,Important
90,CMD-1671,CLI-3320,Aprilfort,2025-10-03 19:45:53,2025-11-03 23:10:51,2026-05-30 23:28:45,116.5,RapidTrans,7.9,38,en_cours,208,Important
92,CMD-1375,CLI-5378,Port Elizabeth,2024-06-22 04:39:26,2025-09-24 20:36:17,2025-12-28 13:02:42,131.8,RapidTrans,64.7,-1,inconnu,94,Important
93,CMD-6767,CLI-6132,Tylertown,2024-01-23 00:26:13,2025-01-10 15:44:49,2026-01-03 11:21:36,36.0,LaBP,32.8,21,inconnu,357,Important
94,CMD-6475,CLI-6690,Chambersmouth,2024-09-02 20:30:46,2025-08-24 18:10:24,2025-09-06 07:46:07,999.0,RapidTrans,18.8,12,en_cours,12,Important
96,CMD-9698,CLI-9225,Andrewbury,2025-04-09 07:45:32,2026-08-01 07:37:01,2026-08-02 04:03:43,121.4,KKExpress,69.9,37,livre,0,A l'heure
97,CMD-7338,CLI-5583,Smithburgh,2024-08-10 02:36:21,2025-05-20 17:28:57,2025-12-17 13:49:06,92.3,DDPP,41.4,34,livre,210,Important
98,CMD-720,CLI-6606,New Marcmouth,2025-10-01 21:24:14,2026-04-26 05:27:30,2026-06-03 09:41:21,37.3,LivrHome,70.9,62,livre,38,Important
100,CMD-1440,CLI-6371,Josephside,2026-05-17 02:39:08,2026-07-31 05:02:57,2026-08-01 13:14:43,90.3,RapidTrans,74.9,58,livre,1,A l'heure
101,CMD-3938,CLI-8792,New Jason,2024-06-30 22:28:22,2026-05-11 03:45:10,2026-08-02 01:37:10,22.2,DDPP,58.5,107,en_cours,82,Important
103,CMD-8629,CLI-73,West Lawrence,2024-12-20 11:05:10,2025-01-08 01:57:01,2025-11-27 05:58:30,53.3,LaBP,53.7,91,en_cours,323,Important
104,CMD-8819,CLI-5597,Port Patrick,2025-05-06 19:56:04,2026-05-25 21:00:07,2026-07-21 05:33:37,53.0,KKExpress,69.7,99,livre,56,Important
106,CMD-3539,CLI-2422,West Michael,2026-04-01 10:52:39,2026-05-19 12:54:13,2026-07-08 02:48:21,60.5,KKExpress,71.6,58,inconnu,49,Important
108,CMD-5533,CLI-2233,Paulhaven,2024-05-20 04:02:22,2026-04-16 10:06:35,2026-04-21 15:56:54,44.6,RapidTrans,32.7,29,livre,5,Important
109,CMD-2650,CLI-7621,South Dylanbury,2024-06-15 11:04:32,2025-02-25 15:55:50,2025-12-11 07:53:49,76.5,LaBP,79.1,69,en_cours,288,Important
110,CMD-7036,CLI-351,South Lisastad,2025-05-02 16:09:39,2026-06-03 07:36:41,2026-08-01 10:05:00,23.7,KKExpress,41.1,58,livre,59,Important
111,CMD-4314,CLI-8615,Brownmouth,2023-11-14 00:37:24,2026-02-08 11:36:19,2026-03-18 06:17:10,60.7,LaBP,15.3,28,livre,37,Important
113,CMD-8094,CLI-380,South Ryanburgh,2024-12-17 17:16:36,2025-03-23 15:57:58,2026-01-20 17:41:57,129.4,ColisExpress,63.4,112,en_cours,303,Important
116,CMD-9397,CLI-8026,Onealville,2025-08-10 16:07:23,2026-01-25 15:20:50,2026-04-14 09:18:31,51.0,KKExpress,22.3,101,en_cours,78,Important
117,CMD-8231,CLI-997,Port Elizabethburgh,2024-06-26 17:47:10,2024-09-06 08:49:57,2026-03-25 20:39:42,12.9,DDPP,43.4,94,inconnu,565,Important
118,CMD-135,CLI-1254,Joshualand,2025-11-04 08:17:51,2026-01-31 03:04:33,2026-02-05 11:02:37,55.3,LivrHome,57.1,60,inconnu,5,Important
123,CMD-8764,CLI-6027,Danielville,2024-10-09 03:44:43,2025-03-12 14:22:17,2025-08-20 12:13:37,32.6,LaBP,42.9,74,inconnu,160,Important
126,CMD-1119,CLI-4722,South Joel,2024-07-29 22:56:43,2025-08-17 05:33:50,2026-02-04 14:26:14,73.3,LivrHome,31.7,31,inconnu,171,Important
128,CMD-8585,CLI-573,Stephensonview,2024-09-07 03:49:05,2025-04-18 13:17:44,2026-03-01 18:51:40,98.76647173489278,LaBP,37.9,4,livre,317,Important
130,CMD-8458,CLI-8629,Cooktown,2025-05-27 07:06:05,2025-08-11 00:21:42,2026-06-28 23:06:39,15.4,KKExpress,70.5,87,inconnu,321,Important
131,CMD-4081,CLI-4268,East Markstad,2026-05-12 20:53:56,2026-06-03 18:33:50,2026-06-27 21:24:39,37.4,RelaisMaison,40.64122448979591,69,livre,24,Important
132,CMD-2220,CLI-1960,Raymondhaven,2026-03-07 14:57:53,2026-06-19 15:53:29,2026-07-27 00:34:47,123.3,KKExpress,40.64122448979591,25,en_cours,37,Important
133,CMD-2713,CLI-5260,Barrstad,2025-08-16 07:45:56,2026-06-26 04:21:29,2026-07-07 12:45:18,110.8,LaBP,75.3,112,inconnu,11,Important
134,CMD-4786,CLI-8175,Hesschester,2024-11-14 07:30:10,2026-04-22 11:14:02,2026-07-27 07:03:23,56.9,RapidTrans,56.1,48,inconnu,95,Important
136,CMD-44,CLI-9113,Randymouth,2024-08-09 20:08:00,2026-02-28 18:58:02,2026-06-21 18:37:04,98.76647173489278,ColisExpress,9.7,116,en_cours,112,Important
138,CMD-7040,CLI-5080,North Annetteton,2024-03-20 17:59:59,2025-07-08 07:26:07,2026-01-18 04:16:42,84.0,RapidTrans,57.9,111,en_cours,193,Important
140,CMD-6946,CLI-5599,Cunninghamburgh,2026-07-18 14:14:49,2026-07-25 04:44:40,2026-07-29 09:38:12,102.3,RelaisMaison,78.0,79,inconnu,4,Léger
143,CMD-9751,CLI-950,North April,2024-07-01 19:41:07,2024-08-24 06:37:34,2025-06-15 12:28:34,22.5,RapidTrans,37.7,42,en_cours,295,Important
144,CMD-6496,CLI-2058,Lake Ianfort,2025-04-01 15:06:31,2026-07-12 15:01:12,2026-08-01 22:02:49,82.8,KKExpress,78.6,112,livre,20,Important
148,CMD-4754,CLI-8975,Barbaraburgh,2024-05-15 18:03:33,2025-08-26 18:28:30,2025-10-06 09:03:53,48.2,ColisExpress,9.4,22,inconnu,40,Important
149,CMD-5539,CLI-4575,South Jason,2025-04-07 19:00:48,2026-02-11 08:19:45,2026-03-06 21:15:26,23.2,LivrHome,45.9,93,inconnu,23,Important
150,CMD-222,CLI-1486,Morrisport,2024-07-09 05:14:34,2025-08-06 15:51:45,2025-10-01 07:56:30,134.7,RapidTrans,27.7,73,livre,55,Important
155,CMD-807,CLI-1873,New Christina,2024-02-16 07:30:19,2026-05-06 13:31:37,2026-08-02 18:26:53,4.2,RapidTrans,55.8,63,livre,88,Important
156,CMD-2141,CLI-7291,Alejandroton,2025-06-01 21:05:01,2025-10-17 22:49:15,2026-02-23 20:59:06,120.8,RelaisMaison,50.8,50,livre,128,Important
157,CMD-4408,CLI-7643,Samanthaburgh,2026-06-19 13:23:35,2026-07-11 09:28:10,2026-08-03 21:16:57,23.6,LaBP,27.5,99,inconnu,23,Important
158,CMD-6798,CLI-9026,Lake Elizabeth,2025-12-09 15:21:59,2026-02-01 13:57:23,2026-02-12 05:33:01,37.6,DDPP,40.64122448979591,58,livre,10,Important
159,CMD-1651,CLI-2306,Port Kylechester,2024-11-24 12:15:41,2025-06-27 22:37:19,2026-05-31 03:50:45,104.5,ColisExpress,32.6,5,inconnu,337,Important
160,CMD-7390,CLI-3585,Barnettview,2025-05-28 15:19:42,2026-03-25 01:33:46,2026-03-27 01:27:39,999.0,RelaisMaison,40.64122448979591,28,en_cours,1,A l'heure
161,CMD-3889,CLI-3400,East Wesley,2024-12-11 12:00:03,2025-10-08 01:51:17,2025-12-12 12:22:43,75.2,LaBP,77.8,82,livre,65,Important
164,CMD-5294,CLI-4692,Ivantown,2025-08-07 13:20:23,2025-12-30 13:14:17,2026-04-11 03:40:53,999.0,RapidTrans,52.3,39,inconnu,101,Important
165,CMD-1507,CLI-2266,West Donna,2026-06-04 12:18:30,2026-07-11 03:50:56,2026-08-02 14:07:01,65.2,ColisExpress,40.64122448979591,66,en_cours,22,Important
167,CMD-2718,CLI-4277,Oconnelltown,2025-02-06 14:40:56,2025-08-11 19:59:47,2026-08-03 15:08:43,62.6,ColisExpress,69.8,102,livre,356,Important
168,CMD-3820,CLI-5608,Cisnerosville,2023-12-31 06:15:42,2024-09-20 06:08:41,2026-06-06 01:20:03,65.4,KKExpress,44.6,14,en_cours,623,Important
169,CMD-6205,CLI-9683,Harrisville,2026-02-02 11:45:38,2026-03-22 02:36:44,2026-05-14 18:41:49,3.3,RelaisMaison,28.8,107,en_cours,53,Important
171,CMD-321,CLI-8954,Robertland,2026-04-09 13:22:02,2026-08-05 12:00:18,2026-08-05 12:22:34,111.2,LaBP,24.1,100,inconnu,0,A l'heure
172,CMD-1529,CLI-60,Port Curtisburgh,2025-11-09 15:22:51,2026-04-18 18:53:17,2026-07-01 02:14:08,23.4,LivrHome,15.4,119,en_cours,73,Important
174,CMD-4369,CLI-2024,Port Aaron,2025-11-04 20:10:21,2026-04-06 14:30:25,2026-06-07 12:04:46,29.1,ColisExpress,34.1,84,inconnu,61,Important
175,CMD-5715,CLI-5809,Devinfurt,2025-03-02 07:09:52,2025-10-22 14:40:49,2025-11-27 15:33:21,98.76647173489278,KKExpress,65.3,8,en_cours,36,Important
176,CMD-7486,CLI-188,Smithbury,2024-02-29 17:35:04,2025-03-21 15:13:59,2025-05-31 04:47:39,36.4,LivrHome,58.8,8,en_cours,70,Important
178,CMD-2978,CLI-8230,Paulbury,2024-02-20 05:18:34,2024-05-22 10:18:56,2026-05-27 22:50:31,115.3,RelaisMaison,50.4,1,livre,735,Important
179,CMD-2508,CLI-746,Port Amandafurt,2025-06-27 04:24:17,2026-02-03 13:45:54,2026-04-14 04:04:46,98.76647173489278,KKExpress,25.9,59,livre,69,Important
182,CMD-4618,CLI-6310,Patrickshire,2026-03-14 15:26:03,2026-04-30 19:33:26,2026-07-26 13:31:13,70.8,RapidTrans,13.0,91,livre,86,Important
184,CMD-1877,CLI-1212,New Kimberly,2024-12-16 16:55:24,2025-10-28 02:47:05,2026-06-17 03:37:38,34.3,ColisExpress,16.8,9,livre,232,Important
185,CMD-1705,CLI-6661,Nelsonhaven,2026-06-14 10:54:20,2026-06-23 02:26:17,2026-08-05 09:28:35,44.7,RelaisMaison,40.64122448979591,29,inconnu,43,Important
186,CMD-3958,CLI-5633,East Bradleyport,2024-01-05 05:46:18,2024-09-10 12:01:44,2024-10-05 17:03:45,23.2,KKExpress,10.2,92,en_cours,25,Important
187,CMD-510,CLI-1118,Alfredview,2024-11-27 11:55:20,2025-06-15 23:13:28,2026-06-01 08:19:33,49.7,DDPP,42.3,79,livre,350,Important
189,CMD-5107,CLI-5384,North Hannahville,2024-05-13 02:22:01,2025-03-27 12:06:30,2026-05-23 09:43:53,66.7,LivrHome,40.64122448979591,41,en_cours,421,Important
195,CMD-9242,CLI-8413,North Jeanette,2024-01-13 15:56:31,2025-05-27 08:27:57,2026-06-10 21:50:51,23.5,RelaisMaison,60.1,49,inconnu,379,Important
197,CMD-8394,CLI-4555,Caseyborough,2024-04-26 11:50:40,2026-06-01 22:42:26,2026-06-05 08:12:37,16.4,LivrHome,54.3,-1,livre,3,Léger
198,CMD-3985,CLI-7724,Grayfort,2025-06-29 10:41:01,2025-09-18 19:16:53,2025-12-24 05:34:06,89.5,DDPP,40.64122448979591,108,inconnu,96,Important
202,CMD-5737,CLI-3799,Traviston,2025-02-09 03:01:43,2025-04-18 21:12:00,2025-07-03 16:28:21,107.0,LaBP,22.9,81,en_cours,75,Important
203,CMD-2709,CLI-7745,Jonesmouth,2026-04-30 05:43:35,2026-07-10 09:15:33,2026-07-14 04:21:13,98.76647173489278,ColisExpress,75.0,115,inconnu,3,Léger
206,CMD-7871,CLI-5347,South Lisaville,2024-04-20 05:00:35,2025-01-20 20:13:52,2025-11-06 20:00:32,80.7,RapidTrans,40.64122448979591,2,inconnu,289,Important
207,CMD-7931,CLI-8732,Josephstad,2025-11-24 04:12:54,2026-01-04 23:54:59,2026-04-13 04:24:05,110.6,KKExpress,18.2,9,livre,98,Important
211,CMD-696,CLI-538,Port Eric,2024-12-26 21:32:58,2025-07-28 17:06:38,2025-12-29 17:07:50,10.6,DDPP,37.7,88,livre,154,Important
213,CMD-3839,CLI-2186,Armstrongview,2025-06-08 17:38:17,2026-01-25 23:41:11,2026-06-20 02:50:33,12.9,KKExpress,13.6,110,livre,145,Important
214,CMD-2069,CLI-5470,Michelleburgh,2025-12-06 06:17:07,2026-04-14 23:07:40,2026-08-05 14:10:24,130.4,KKExpress,65.6,34,en_cours,112,Important
215,CMD-7157,CLI-2960,New Angelaport,2024-04-27 23:29:36,2025-08-18 10:43:15,2025-12-07 18:58:34,41.5,DDPP,29.6,42,inconnu,111,Important
216,CMD-1297,CLI-8108,Dorisburgh,2026-01-08 19:56:39,2026-03-05 03:41:56,2026-07-26 21:45:46,100.1,LivrHome,72.3,108,en_cours,143,Important
220,CMD-6430,CLI-3426,Nolanhaven,2024-09-29 04:41:43,2026-02-08 22:31:54,2026-07-10 16:46:45,101.5,RelaisMaison,79.9,101,livre,151,Important
223,CMD-8360,CLI-1261,New Kathrynton,2026-01-31 06:06:12,2026-04-27 11:34:57,2026-07-25 13:49:00,106.4,LivrHome,42.4,58,inconnu,89,Important
224,CMD-3028,CLI-9815,Jasontown,2024-01-23 19:04:58,2024-02-15 19:32:08,2025-10-28 15:33:48,23.2,ColisExpress,11.3,7,livre,620,Important
226,CMD-675,CLI-5607,South Danieltown,2025-12-17 03:47:19,2026-07-26 06:59:39,2026-07-28 15:31:58,19.6,RelaisMaison,61.5,68,livre,2,Léger
227,CMD-5700,CLI-4923,Andreaberg,2025-01-23 15:49:40,2026-03-12 07:01:41,2026-07-30 16:10:20,49.9,ColisExpress,36.3,44,en_cours,140,Important
229,CMD-3695,CLI-2205,Brianbury,2025-10-23 15:45:51,2026-03-09 11:58:06,2026-05-02 22:13:08,131.6,KKExpress,56.9,69,livre,54,Important
230,CMD-4004,CLI-9719,East Erin,2026-01-25 00:54:59,2026-01-29 18:11:27,2026-03-04 07:27:25,43.3,DDPP,54.9,96,inconnu,33,Important
231,CMD-7821,CLI-6311,West Meghan,2024-02-05 19:11:45,2024-02-13 15:54:20,2026-02-19 05:46:16,87.3,RapidTrans,4.2,21,inconnu,736,Important
234,CMD-4234,CLI-3819,West Michael,2026-05-27 14:08:23,2026-07-10 00:02:55,2026-08-04 04:08:20,107.5,DDPP,10.2,47,en_cours,25,Important
236,CMD-5511,CLI-9158,North Richard,2024-05-06 11:57:36,2024-08-28 01:27:16,2024-09-30 17:08:07,62.7,KKExpress,40.64122448979591,34,livre,33,Important
237,CMD-1012,CLI-2740,New Mitchell,2026-02-22 12:41:12,2026-05-29 17:31:16,2026-06-16 23:01:15,150.0,LaBP,44.7,58,livre,18,Important
238,CMD-3390,CLI-5970,Whiteland,2026-02-23 18:10:39,2026-03-09 01:20:26,2026-06-25 06:53:45,21.3,ColisExpress,20.1,109,inconnu,108,Important
245,CMD-5894,CLI-891,Port Terryton,2025-12-28 18:01:22,2026-02-18 14:40:37,2026-05-27 10:31:15,65.7,RelaisMaison,4.3,109,livre,97,Important
246,CMD-6382,CLI-6305,East Michele,2025-02-14 19:45:17,2025-11-26 12:26:57,2026-02-27 20:58:33,108.1,RelaisMaison,4.3,41,en_cours,93,Important
250,CMD-463,CLI-4116,Browntown,2026-04-30 12:58:10,2026-06-25 17:55:41,2026-07-17 15:58:10,12.8,LaBP,26.7,5,livre,21,Important
252,CMD-4446,CLI-2855,West Jamiebury,2025-11-17 03:20:42,2026-07-10 04:59:14,2026-07-14 12:03:43,4.7,ColisExpress,17.6,38,inconnu,4,Léger
255,CMD-7060,CLI-8735,Port Kristenstad,2024-12-13 00:44:42,2026-04-13 15:32:29,2026-06-07 17:58:20,36.2,KKExpress,3.4,114,livre,55,Important
256,CMD-9340,CLI-4369,Kellyland,2024-03-21 21:56:42,2025-03-15 09:50:51,2025-08-23 05:07:43,112.9,RapidTrans,40.5,51,en_cours,160,Important
257,CMD-3251,CLI-1485,Lake Pam,2024-12-08 03:31:40,2026-04-15 16:58:37,2026-05-25 05:43:41,89.5,RapidTrans,51.2,50,en_cours,39,Important
258,CMD-1314,CLI-9323,South Kennethport,2024-05-04 04:44:50,2025-06-01 03:32:21,2026-06-01 00:27:54,100.4,LivrHome,22.2,47,livre,364,Important
259,CMD-561,CLI-673,East Amandaport,2024-03-30 00:20:05,2024-07-19 18:12:40,2025-05-21 03:34:26,98.76647173489278,RelaisMaison,2.8,17,en_cours,305,Important
261,CMD-2873,CLI-8532,Port Kiarabury,2024-09-27 06:52:09,2026-02-26 13:07:58,2026-05-30 13:54:48,96.3,LaBP,67.5,113,en_cours,93,Important
263,CMD-9116,CLI-1522,West James,2026-02-20 18:08:06,2026-03-11 12:39:48,2026-03-20 09:56:05,1.3,KKExpress,69.9,81,en_cours,8,Important
264,CMD-2765,CLI-9781,Port Jacob,2024-01-09 07:05:24,2026-05-02 07:40:21,2026-06-13 06:01:32,98.76647173489278,DDPP,67.6,106,en_cours,41,Important
270,CMD-9888,CLI-5906,West Hunter,2024-08-19 03:34:03,2026-07-07 19:27:36,2026-07-23 02:51:01,86.1,ColisExpress,29.6,102,en_cours,15,Important
271,CMD-5388,CLI-7628,Lake Jeffreyton,2024-10-04 17:02:47,2025-11-22 22:02:53,2026-02-14 20:41:23,8.1,RapidTrans,29.6,93,livre,83,Important
274,CMD-3957,CLI-4442,New Sean,2024-08-14 04:27:32,2026-08-01 03:55:45,2026-08-03 12:36:02,45.8,KKExpress,61.4,19,inconnu,2,Léger
276,CMD-700,CLI-4375,Mcgeeport,2024-09-23 23:21:43,2026-01-08 02:48:16,2026-07-16 11:16:17,97.4,ColisExpress,79.8,51,livre,189,Important
278,CMD-5075,CLI-8121,Port Saratown,2026-05-21 22:58:34,2026-06-02 19:15:10,2026-06-09 18:34:00,61.2,RapidTrans,52.6,111,inconnu,6,Important
280,CMD-7577,CLI-4753,Lake Christina,2024-05-23 22:11:59,2025-11-27 01:59:18,2026-05-09 06:07:47,31.2,ColisExpress,73.3,43,en_cours,163,Important
281,CMD-2574,CLI-7381,New Sherry,2025-12-19 21:57:50,2026-01-11 01:39:06,2026-07-31 14:32:07,120.7,RelaisMaison,72.3,58,inconnu,201,Important
282,CMD-2333,CLI-9819,Thomasport,2025-12-08 11:44:40,2026-04-02 13:35:13,2026-06-30 06:39:19,40.8,DDPP,0.9,58,inconnu,88,Important
284,CMD-1537,CLI-4261,Natashahaven,2026-06-03 02:47:53,2026-06-09 18:04:42,2026-07-17 03:10:41,127.6,LivrHome,33.8,13,livre,37,Important
285,CMD-9377,CLI-1746,Rachelland,2025-11-13 15:15:56,2025-12-06 15:47:40,2026-05-04 04:53:31,3.4,RapidTrans,9.4,55,livre,148,Important
287,CMD-3883,CLI-2938,Andreaview,2024-07-13 10:46:12,2025-08-11 19:08:14,2025-12-01 19:06:22,49.7,KKExpress,76.4,111,inconnu,111,Important
290,CMD-2901,CLI-5032,West Arthur,2025-06-12 10:36:46,2025-08-08 16:28:53,2026-08-01 02:13:38,41.5,ColisExpress,23.9,55,en_cours,357,Important
291,CMD-1531,CLI-5374,Mitchelltown,2025-01-15 09:40:53,2025-05-26 19:55:12,2025-08-18 08:17:55,126.2,RapidTrans,11.1,67,livre,83,Important
292,CMD-1402,CLI-1672,New Angelatown,2026-07-16 17:01:35,2026-07-23 03:41:38,2026-08-04 23:10:42,19.9,DDPP,66.9,16,inconnu,12,Important
293,CMD-4421,CLI-5890,Nashhaven,2026-01-27 02:07:40,2026-05-09 15:29:02,2026-07-12 22:05:44,33.2,RelaisMaison,76.6,93,inconnu,64,Important
296,CMD-494,CLI-519,Port Emilyborough,2025-11-20 19:26:05,2026-01-19 08:38:21,2026-05-24 22:06:05,8.7,RelaisMaison,14.1,97,en_cours,125,Important
298,CMD-2227,CLI-2334,Annashire,2026-01-09 12:32:32,2026-03-26 13:34:27,2026-06-29 17:31:47,46.6,LaBP,37.4,109,en_cours,95,Important
299,CMD-7905,CLI-3081,Clarkshire,2026-01-23 16:16:03,2026-06-14 10:25:05,2026-06-22 17:28:18,60.8,ColisExpress,30.7,100,inconnu,8,Important
301,CMD-9477,CLI-6909,North Anthony,2024-02-04 04:37:29,2026-03-27 01:18:00,2026-07-22 08:37:01,59.8,ColisExpress,4.3,17,en_cours,117,Important
303,CMD-1985,CLI-5818,Johnsonmouth,2024-12-18 04:40:38,2025-08-06 13:25:25,2026-01-05 01:55:39,91.6,KKExpress,8.0,62,en_cours,151,Important
304,CMD-4070,CLI-1633,North Daleshire,2025-03-20 00:51:58,2026-04-20 16:12:28,2026-07-08 08:57:01,116.6,DDPP,66.6,105,livre,78,Important
305,CMD-4734,CLI-6767,Chloefurt,2024-12-28 03:58:29,2025-07-04 05:24:43,2025-11-11 20:22:32,84.9,DDPP,40.64122448979591,16,inconnu,130,Important
306,CMD-6779,CLI-3428,Pattonshire,2024-11-29 12:58:37,2026-06-19 16:02:33,2026-06-27 12:26:17,5.4,LivrHome,16.4,14,en_cours,7,Important
307,CMD-4394,CLI-6511,Benjaminchester,2024-04-15 07:06:38,2024-04-17 17:58:21,2026-05-08 11:42:59,50.4,LivrHome,53.8,91,inconnu,750,Important
309,CMD-9327,CLI-2835,East Emma,2024-06-27 22:55:28,2025-03-26 14:34:16,2026-05-08 08:29:34,62.3,RelaisMaison,40.64122448979591,48,en_cours,407,Important
310,CMD-8001,CLI-8828,Elizabethside,2024-07-15 15:07:01,2025-01-10 03:50:26,2025-08-17 23:48:46,120.9,KKExpress,18.1,10,livre,219,Important
311,CMD-9306,CLI-9952,South Williamburgh,2024-02-16 23:56:42,2024-10-17 18:02:05,2026-05-10 04:20:36,60.6,LivrHome,74.7,48,livre,569,Important
314,CMD-7571,CLI-2852,Brittanyport,2024-05-10 17:50:11,2026-06-05 07:17:13,2026-07-30 11:14:43,122.6,LaBP,24.1,58,livre,55,Important
315,CMD-8331,CLI-166,Howardland,2024-05-04 20:27:36,2024-06-24 16:41:47,2025-12-21 04:11:55,134.3,KKExpress,77.6,67,livre,544,Important
317,CMD-3317,CLI-3174,Ortizhaven,2025-12-08 20:44:23,2026-04-08 09:14:42,2026-07-15 17:10:21,109.3,RelaisMaison,31.6,37,en_cours,98,Important
318,CMD-9198,CLI-7329,Beckermouth,2025-03-08 03:17:53,2026-02-21 01:14:45,2026-02-26 20:25:37,124.2,LivrHome,40.64122448979591,35,livre,5,Important
319,CMD-1594,CLI-8464,Jacksonmouth,2026-03-15 17:53:22,2026-03-19 01:31:23,2026-06-15 16:49:08,69.8,RapidTrans,42.0,88,livre,88,Important
320,CMD-6783,CLI-9677,Lake Jason,2025-12-04 05:49:13,2026-05-19 17:19:18,2026-07-10 22:21:57,98.76647173489278,DDPP,14.3,49,livre,52,Important
321,CMD-7626,CLI-4765,Sullivanmouth,2023-11-17 09:09:13,2026-01-22 09:49:16,2026-03-26 14:25:23,150.0,LivrHome,10.0,38,livre,63,Important
323,CMD-1238,CLI-9857,New Joditon,2025-12-01 12:53:21,2026-02-04 09:28:05,2026-03-04 04:33:23,104.9,KKExpress,26.7,70,livre,27,Important
324,CMD-2453,CLI-1151,Leefort,2026-04-27 22:19:18,2026-05-06 17:11:55,2026-06-12 18:07:22,71.7,KKExpress,25.6,102,inconnu,37,Important
325,CMD-9816,CLI-3680,Lake Michelle,2024-06-23 05:08:43,2024-12-23 02:13:47,2025-07-18 20:26:08,113.5,ColisExpress,33.1,58,inconnu,207,Important
329,CMD-4509,CLI-4148,Robertsonstad,2025-11-13 07:43:07,2026-02-10 15:44:28,2026-07-12 08:22:03,67.5,ColisExpress,56.5,98,en_cours,151,Important
330,CMD-9385,CLI-412,South Ronald,2026-07-17 05:34:03,2026-08-05 10:54:01,2026-08-05 12:57:20,104.7,DDPP,25.9,23,en_cours,0,A l'heure
331,CMD-1427,CLI-4924,Alexanderhaven,2025-07-04 19:53:49,2026-04-03 02:56:57,2026-05-08 11:51:58,150.0,RelaisMaison,5.4,99,inconnu,35,Important
333,CMD-3453,CLI-6346,North Erica,2024-02-26 12:19:35,2024-07-22 17:32:15,2025-12-04 12:30:06,75.8,LivrHome,66.7,8,livre,499,Important
334,CMD-5554,CLI-2874,Port Alexandra,2026-02-28 04:00:05,2026-04-23 04:59:24,2026-04-27 23:17:37,77.3,DDPP,6.5,76,livre,4,Léger
336,CMD-2523,CLI-755,North Benjamin,2025-03-06 15:12:37,2026-02-14 20:02:35,2026-02-16 07:38:49,67.4,LaBP,42.0,12,inconnu,1,A l'heure
338,CMD-7643,CLI-9273,North Matthewstad,2026-02-21 07:37:56,2026-06-19 18:04:26,2026-07-30 15:52:10,67.2,LaBP,61.4,103,livre,40,Important
341,CMD-9204,CLI-6827,Gonzaleztown,2025-01-07 14:25:21,2026-05-18 02:31:40,2026-06-27 06:02:39,67.3,RelaisMaison,10.0,1,en_cours,40,Important
345,CMD-5497,CLI-5570,East Jeffreyland,2024-04-09 03:51:21,2024-06-28 00:08:08,2025-09-03 23:03:57,38.2,ColisExpress,62.8,120,inconnu,432,Important
348,CMD-2674,CLI-2637,New Markfort,2026-02-26 21:07:24,2026-03-10 16:44:11,2026-05-07 07:41:17,107.4,LaBP,20.0,29,en_cours,57,Important
353,CMD-8659,CLI-930,East Erica,2024-09-27 22:29:20,2026-07-31 19:12:15,2026-08-02 01:44:34,150.0,DDPP,60.7,72,inconnu,1,A l'heure
354,CMD-2033,CLI-8276,Jessicaland,2025-08-10 10:44:37,2026-02-22 12:27:11,2026-05-28 11:25:37,119.8,ColisExpress,40.64122448979591,13,livre,94,Important
356,CMD-3126,CLI-9981,Burnettfort,2026-03-29 02:48:41,2026-06-07 09:41:43,2026-06-20 14:56:43,51.0,RelaisMaison,66.7,89,en_cours,13,Important
357,CMD-6328,CLI-5710,Carlsonhaven,2025-04-02 01:50:07,2026-01-25 16:12:03,2026-03-31 19:06:57,76.2,ColisExpress,75.8,94,livre,65,Important
359,CMD-6408,CLI-6288,Whiteheadhaven,2024-03-02 23:19:17,2025-03-16 17:13:30,2025-08-12 20:03:55,108.7,DDPP,34.9,110,livre,149,Important
363,CMD-1007,CLI-65,Stevenchester,2026-01-19 15:47:25,2026-02-10 20:25:06,2026-03-18 02:29:06,111.2,LaBP,11.3,48,livre,35,Important
367,CMD-4697,CLI-6435,New Jermainehaven,2024-03-16 17:59:00,2026-03-02 06:36:24,2026-06-01 07:09:45,135.0,LaBP,65.4,14,livre,91,Important
368,CMD-8563,CLI-4187,Lake Lisa,2026-07-17 04:12:28,2026-07-18 13:22:00,2026-07-27 23:03:51,66.0,DDPP,34.7,46,inconnu,9,Important
370,CMD-8091,CLI-3325,Caldwellhaven,2024-03-03 04:03:44,2024-11-15 15:41:03,2025-12-10 10:33:15,44.7,KKExpress,34.7,16,inconnu,389,Important
371,CMD-9644,CLI-302,East Cherylfort,2026-03-27 23:51:51,2026-05-23 10:50:28,2026-07-28 23:43:16,105.8,RapidTrans,22.4,80,livre,66,Important
373,CMD-869,CLI-6426,Lake Clintonburgh,2026-05-29 05:13:36,2026-06-03 02:43:23,2026-06-12 04:44:17,81.9,RelaisMaison,60.0,118,livre,9,Important
375,CMD-4847,CLI-385,South Donald,2024-08-27 11:17:12,2025-12-03 12:00:53,2026-01-04 15:15:19,80.7,RelaisMaison,2.6,97,inconnu,32,Important
376,CMD-7585,CLI-908,Port Catherine,2025-10-21 21:38:38,2025-10-24 19:10:45,2026-06-09 05:53:10,81.1,RelaisMaison,62.9,3,inconnu,227,Important
377,CMD-4563,CLI-6694,South Davidburgh,2024-12-01 06:29:55,2025-10-05 06:09:06,2026-01-27 20:43:50,82.5,DDPP,38.7,74,en_cours,114,Important
378,CMD-8766,CLI-5073,Port Robertshire,2025-10-30 19:44:36,2025-12-15 12:15:08,2026-01-09 03:02:58,126.7,ColisExpress,55.5,14,en_cours,24,Important
379,CMD-5740,CLI-2588,Kaitlynbury,2026-01-14 14:42:45,2026-03-22 20:01:44,2026-06-18 05:40:12,26.3,RapidTrans,34.2,88,en_cours,87,Important
380,CMD-9794,CLI-9393,North James,2024-11-26 00:36:42,2026-06-23 13:03:29,2026-07-26 10:55:39,31.0,LivrHome,17.4,117,livre,32,Important
382,CMD-3971,CLI-7714,Port Tiffanyton,2024-04-04 03:41:09,2026-04-22 07:56:59,2026-06-26 10:04:42,46.1,RelaisMaison,46.2,-1,inconnu,65,Important
383,CMD-1323,CLI-4453,Andrewfurt,2024-12-31 19:37:27,2025-10-02 16:39:03,2026-07-31 07:53:00,9.3,ColisExpress,59.2,16,en_cours,301,Important
385,CMD-9694,CLI-1412,Port Savannah,2025-04-29 04:24:32,2026-01-11 11:31:55,2026-01-22 08:07:00,58.8,LivrHome,44.6,68,livre,10,Important
396,CMD-7086,CLI-6868,East Nathanton,2025-11-26 06:51:51,2026-07-15 04:34:01,2026-07-22 03:12:41,83.9,DDPP,49.3,104,en_cours,6,Important
397,CMD-1835,CLI-8051,Calhounhaven,2025-12-20 21:55:51,2026-02-16 08:40:04,2026-05-13 10:02:14,150.0,RapidTrans,33.9,113,inconnu,86,Important
399,CMD-9662,CLI-30,Adamshire,2025-06-10 10:28:39,2025-11-22 14:43:05,2026-01-02 06:13:28,28.7,DDPP,34.2,87,inconnu,40,Important
400,CMD-3166,CLI-314,West Dianaville,2025-02-03 15:36:47,2025-05-20 11:06:10,2025-07-17 09:58:00,80.7,LivrHome,48.3,37,inconnu,57,Important
401,CMD-7672,CLI-1694,Michelleshire,2024-02-01 00:33:24,2025-03-14 22:18:09,2026-04-19 14:05:46,74.6,RapidTrans,67.5,75,en_cours,400,Important
403,CMD-8372,CLI-773,Lake Linda,2025-09-20 10:48:46,2026-03-12 11:48:26,2026-05-21 13:19:08,98.76647173489278,RelaisMaison,18.9,5,en_cours,70,Important
404,CMD-8548,CLI-8037,Reedton,2024-04-18 15:21:28,2024-07-20 19:43:57,2025-02-03 20:45:41,67.9,ColisExpress,41.3,83,livre,198,Important
411,CMD-7639,CLI-5216,Martinezview,2025-06-05 08:04:08,2026-01-03 23:33:15,2026-02-04 02:22:59,80.8,ColisExpress,51.8,77,inconnu,31,Important
413,CMD-2393,CLI-8943,Danamouth,2025-05-23 07:26:21,2025-07-24 19:28:12,2025-10-14 05:22:57,7.5,LivrHome,40.64122448979591,38,inconnu,81,Important
414,CMD-5287,CLI-1081,Marksmouth,2025-02-11 06:43:18,2025-12-29 10:45:10,2026-05-17 18:28:15,33.1,RapidTrans,15.7,83,livre,139,Important
415,CMD-207,CLI-6770,Chungtown,2025-09-07 14:36:02,2026-04-18 17:50:24,2026-07-01 18:54:43,14.6,RapidTrans,50.6,38,en_cours,74,Important
416,CMD-3724,CLI-8933,West Daniel,2026-06-08 17:04:34,2026-07-22 16:00:43,2026-07-26 13:18:22,127.1,KKExpress,40.64122448979591,22,livre,3,Léger
420,CMD-3261,CLI-3410,South Jessicamouth,2025-01-08 17:04:52,2026-07-08 16:51:39,2026-07-14 02:11:56,125.0,DDPP,71.4,58,livre,5,Important
421,CMD-4397,CLI-8265,Lake John,2024-06-20 17:26:02,2025-10-25 04:11:25,2026-05-11 14:55:04,129.4,LaBP,40.64122448979591,58,inconnu,198,Important
422,CMD-5602,CLI-7309,Davidton,2024-04-09 14:10:46,2026-02-25 00:15:33,2026-04-03 03:01:57,132.9,RelaisMaison,23.0,119,inconnu,37,Important
423,CMD-1366,CLI-1976,Christopherbury,2025-08-28 06:17:46,2025-11-12 05:57:03,2026-01-09 12:33:59,87.7,KKExpress,72.4,103,en_cours,58,Important
424,CMD-3031,CLI-6786,Barrytown,2025-05-14 09:40:34,2026-05-21 11:52:55,2026-07-08 00:47:57,109.5,RelaisMaison,44.3,41,en_cours,47,Important
426,CMD-8880,CLI-9401,North Jeffview,2024-02-23 00:49:24,2025-06-25 00:23:16,2025-12-16 01:45:43,51.4,DDPP,75.2,103,en_cours,174,Important
430,CMD-5492,CLI-373,Herrerahaven,2025-04-24 21:53:54,2025-12-14 21:23:21,2026-06-23 19:02:03,64.2,DDPP,3.9,82,en_cours,190,Important
432,CMD-2935,CLI-6748,Crosbymouth,2025-03-20 13:21:51,2026-07-04 02:06:03,2026-08-05 15:09:49,30.7,DDPP,67.3,40,en_cours,32,Important
434,CMD-2081,CLI-5233,Grimesport,2024-07-29 18:54:39,2025-08-21 13:47:05,2026-05-25 04:40:07,129.2,RelaisMaison,60.7,6,livre,276,Important
437,CMD-9850,CLI-6412,Michaelchester,2024-06-17 02:42:43,2025-08-18 13:47:15,2025-09-14 14:19:39,101.8,DDPP,75.3,15,inconnu,27,Important
438,CMD-8806,CLI-8662,West Richardfurt,2024-02-24 21:49:08,2025-12-10 05:30:56,2026-05-19 11:09:31,67.7,ColisExpress,73.3,112,livre,160,Important
442,CMD-9097,CLI-955,Deborahport,2025-12-15 23:43:03,2026-01-06 21:34:10,2026-01-12 15:55:37,999.0,LaBP,43.7,95,inconnu,5,Important
443,CMD-4966,CLI-5485,North Frankchester,2024-08-26 10:48:16,2025-03-07 14:47:31,2026-07-19 19:56:52,98.8,ColisExpress,49.2,15,en_cours,499,Important
444,CMD-774,CLI-6753,Parrishshire,2024-07-21 20:00:50,2026-02-14 08:47:41,2026-04-06 09:21:19,49.6,RelaisMaison,30.4,91,livre,51,Important
448,CMD-8593,CLI-9974,Kathleenhaven,2025-02-14 09:35:09,2025-11-27 22:22:40,2026-03-18 00:03:21,53.2,ColisExpress,31.8,13,livre,110,Important
449,CMD-1826,CLI-6074,Turnertown,2024-08-19 18:20:39,2026-04-23 12:07:19,2026-05-05 06:10:42,108.8,RapidTrans,33.5,3,en_cours,11,Important
450,CMD-8767,CLI-5554,New Carolyn,2025-01-28 18:15:04,2025-05-02 07:57:25,2025-11-17 16:27:09,98.6,RapidTrans,39.8,19,livre,199,Important
452,CMD-2083,CLI-5586,East Crystal,2026-02-09 00:35:16,2026-07-08 16:48:23,2026-08-04 18:01:37,14.0,ColisExpress,2.4,9,livre,27,Important
453,CMD-3566,CLI-2260,New Ashleyburgh,2026-06-20 19:11:16,2026-07-07 08:37:33,2026-08-04 18:52:45,114.5,RelaisMaison,32.2,39,livre,28,Important
455,CMD-8457,CLI-9798,Lake Michaelshire,2024-08-26 20:35:19,2025-07-02 05:55:11,2026-03-22 19:56:19,7.4,ColisExpress,22.9,58,inconnu,263,Important
458,CMD-389,CLI-6226,Crossland,2026-07-07 02:55:22,2026-07-13 08:08:56,2026-07-28 11:08:31,34.0,LivrHome,24.2,33,en_cours,15,Important
461,CMD-5255,CLI-1557,Marytown,2024-06-09 07:56:01,2025-01-14 04:24:30,2026-03-19 18:13:55,122.9,ColisExpress,35.9,103,en_cours,429,Important
462,CMD-3212,CLI-345,East Donald,2025-08-14 11:46:45,2026-07-15 21:27:06,2026-07-29 07:06:52,101.6,RelaisMaison,40.64122448979591,87,en_cours,13,Important
464,CMD-1381,CLI-7485,Franklinberg,2025-01-30 11:29:57,2026-03-09 04:41:41,2026-05-06 23:11:50,21.8,LivrHome,10.8,101,inconnu,58,Important
466,CMD-6457,CLI-3236,Hendersonchester,2025-03-21 14:54:05,2026-05-16 15:14:48,2026-07-15 08:26:38,6.8,DDPP,26.6,58,livre,59,Important
467,CMD-4603,CLI-2637,East David,2025-05-28 14:40:13,2025-10-26 01:33:32,2026-06-25 22:42:32,31.3,ColisExpress,63.5,30,en_cours,242,Important
468,CMD-7226,CLI-9237,East Edward,2025-05-14 20:45:20,2026-01-01 22:20:37,2026-05-13 00:49:57,85.4,DDPP,18.7,119,livre,131,Important
469,CMD-1953,CLI-7059,Davisborough,2025-03-17 10:13:13,2025-03-17 23:26:59,2025-08-22 03:05:09,35.6,DDPP,40.64122448979591,70,inconnu,157,Important
473,CMD-8417,CLI-5696,Mcdanielhaven,2024-02-17 12:43:48,2024-07-15 01:52:55,2024-08-26 16:48:15,999.0,RelaisMaison,27.2,67,livre,42,Important
474,CMD-3632,CLI-7886,South Jessicaview,2025-05-20 12:04:10,2025-11-25 05:01:56,2026-03-23 22:35:52,11.0,ColisExpress,31.7,42,en_cours,118,Important
475,CMD-1010,CLI-6234,West Elizabethfurt,2024-04-03 18:08:18,2026-04-21 13:50:51,2026-06-21 10:53:09,120.3,RelaisMaison,55.9,39,inconnu,60,Important
477,CMD-8275,CLI-7645,Elliottfort,2024-11-18 21:54:24,2026-02-25 12:06:50,2026-05-08 02:18:20,134.3,ColisExpress,76.4,91,en_cours,71,Important
480,CMD-4433,CLI-8003,Kyleside,2026-07-10 00:06:23,2026-07-16 03:10:47,2026-07-26 03:44:10,8.2,LaBP,42.9,13,en_cours,10,Important
481,CMD-627,CLI-6594,Johnsonchester,2024-08-22 01:57:01,2025-12-24 08:19:18,2026-06-10 18:26:13,12.5,RelaisMaison,75.5,62,inconnu,168,Important
483,CMD-6320,CLI-9941,East Mary,2025-01-06 21:47:54,2026-07-07 19:11:24,2026-07-24 08:01:05,82.5,KKExpress,62.9,9,en_cours,16,Important
490,CMD-4801,CLI-7478,North James,2026-07-28 11:54:16,2026-08-03 07:26:52,2026-08-05 07:50:35,37.5,LivrHome,69.6,64,en_cours,2,Léger
492,CMD-5431,CLI-8900,East Abigailmouth,2025-02-01 21:34:24,2025-05-30 06:08:21,2026-03-14 21:59:46,15.8,LaBP,74.3,2,livre,288,Important
493,CMD-417,CLI-1596,New Stephanie,2026-01-06 03:36:04,2026-06-11 22:58:57,2026-06-18 08:28:45,92.8,ColisExpress,66.6,34,inconnu,6,Important
495,CMD-3691,CLI-6921,Forbesside,2025-01-17 16:22:47,2026-06-16 02:36:03,2026-06-23 00:38:40,8.4,DDPP,34.8,84,en_cours,6,Important
496,CMD-1123,CLI-4112,Lake Tiffanyton,2024-10-19 15:13:03,2025-07-29 21:00:02,2026-04-12 01:56:33,150.0,RelaisMaison,46.6,31,en_cours,256,Important
497,CMD-9059,CLI-5235,North Michael,2023-12-08 12:55:37,2025-01-20 21:47:46,2025-05-10 09:44:31,73.0,KKExpress,68.5,106,en_cours,109,Important
498,CMD-2476,CLI-7640,Port Denise,2023-11-27 14:58:05,2026-08-04 14:29:30,2026-08-05 15:03:55,51.8,RelaisMaison,26.4,105,livre,1,A l'heure
499,CMD-7077,CLI-9687,Lake Sallyfurt,2025-07-19 19:47:20,2026-03-16 15:13:07,2026-06-02 03:35:14,150.0,RapidTrans,35.9,58,livre,77,Important
505,CMD-6807,CLI-5314,North Bryce,2025-04-26 02:16:37,2026-05-01 05:59:11,2026-05-02 00:28:26,14.0,DDPP,27.3,100,livre,0,A l'heure
506,CMD-5244,CLI-7118,Lindsaytown,2023-11-28 17:17:57,2024-01-14 23:31:36,2024-01-31 17:14:16,133.9,LivrHome,36.6,60,inconnu,16,Important
507,CMD-6172,CLI-8190,Smithshire,2025-10-24 04:09:21,2026-07-31 17:22:53,2026-08-02 02:38:50,115.4,ColisExpress,61.4,16,inconnu,1,A l'heure
509,CMD-4639,CLI-1480,New Markland,2026-03-19 07:19:53,2026-06-06 10:17:59,2026-07-25 08:14:44,91.8,LaBP,18.3,9,livre,48,Important
514,CMD-28,CLI-9919,Lake Patrickland,2025-05-23 15:21:12,2026-04-29 19:21:43,2026-05-06 10:53:46,62.5,RapidTrans,63.4,46,inconnu,6,Important
515,CMD-6400,CLI-366,Harrisonstad,2023-12-28 18:24:02,2025-08-07 12:12:10,2026-06-30 03:39:42,66.7,DDPP,26.2,1,en_cours,326,Important
517,CMD-8430,CLI-3527,South Robertfurt,2024-02-18 14:00:43,2024-06-10 06:30:43,2025-01-16 20:19:42,19.1,RelaisMaison,41.2,64,livre,220,Important
518,CMD-4203,CLI-272,West Louisborough,2025-02-27 14:43:25,2026-08-03 23:10:45,2026-08-05 18:08:33,122.8,KKExpress,38.3,29,en_cours,1,A l'heure
520,CMD-999,CLI-726,Samuelton,2026-06-09 20:13:02,2026-07-19 08:35:06,2026-08-01 02:53:16,120.5,LaBP,21.2,109,livre,12,Important
526,CMD-5285,CLI-9967,Burnettchester,2024-12-09 10:41:53,2025-04-12 19:28:27,2026-06-05 22:08:36,0.6000000000000001,RelaisMaison,15.4,79,inconnu,419,Important
528,CMD-5137,CLI-7299,South Rose,2025-09-26 05:24:25,2026-03-01 21:55:51,2026-03-04 14:03:49,3.7,LaBP,72.3,35,inconnu,2,Léger
529,CMD-4887,CLI-8720,South Janice,2025-02-24 12:39:08,2025-06-06 23:09:53,2026-07-09 13:59:40,81.3,RelaisMaison,67.4,11,inconnu,397,Important
532,CMD-4658,CLI-4905,Michaeltown,2025-02-14 12:22:18,2026-01-03 01:23:05,2026-01-22 11:24:01,10.6,LivrHome,44.4,117,livre,19,Important
537,CMD-765,CLI-4177,Henryfort,2024-11-17 12:59:15,2024-12-05 16:54:33,2026-04-25 13:25:56,98.76647173489278,DDPP,49.2,-1,livre,505,Important
538,CMD-2361,CLI-4983,West Josephport,2024-01-27 06:23:46,2025-12-15 18:16:14,2026-02-13 22:33:23,134.9,LaBP,77.8,25,inconnu,60,Important
539,CMD-30,CLI-5826,Mooreberg,2025-02-20 20:48:10,2026-02-16 20:33:21,2026-07-24 04:11:25,76.2,LaBP,23.9,58,inconnu,157,Important
544,CMD-6873,CLI-8665,Lake Heatherland,2024-02-22 15:49:23,2025-01-18 07:58:47,2025-03-02 17:52:09,150.0,LivrHome,67.1,33,en_cours,43,Important
545,CMD-6577,CLI-1566,West Casey,2024-12-16 06:48:29,2025-02-11 05:55:52,2026-03-24 09:06:49,30.9,RelaisMaison,47.8,71,livre,406,Important
549,CMD-8583,CLI-526,Brianmouth,2024-10-04 17:53:22,2025-01-17 02:35:11,2026-02-17 09:02:25,101.5,DDPP,45.9,56,livre,396,Important
550,CMD-1887,CLI-6645,Elizabethbury,2025-07-19 14:44:39,2026-02-06 23:19:03,2026-02-22 12:49:33,999.0,LivrHome,40.64122448979591,116,livre,15,Important
551,CMD-7176,CLI-1702,Hobbsmouth,2025-01-24 15:15:00,2026-04-03 03:33:59,2026-05-18 07:00:02,87.4,RapidTrans,70.9,85,livre,45,Important
552,CMD-8995,CLI-1693,Amberburgh,2024-12-22 19:12:20,2025-01-07 10:39:43,2025-11-26 01:13:46,150.0,RelaisMaison,46.5,78,inconnu,322,Important
553,CMD-7392,CLI-1612,Margaretburgh,2024-09-21 11:28:07,2025-04-05 20:34:58,2025-11-09 15:05:35,126.4,DDPP,34.7,17,en_cours,217,Important
554,CMD-5236,CLI-7996,Leeburgh,2025-06-11 19:39:24,2026-06-07 09:17:15,2026-08-02 18:46:51,65.6,RelaisMaison,3.2,21,en_cours,56,Important
558,CMD-6213,CLI-2731,Melissastad,2025-04-06 16:03:23,2026-06-08 00:48:27,2026-06-23 08:38:05,34.6,RapidTrans,40.64122448979591,41,livre,15,Important
559,CMD-4553,CLI-5794,Pattonburgh,2026-05-31 09:24:02,2026-07-10 20:27:12,2026-07-28 08:00:24,28.6,DDPP,66.9,97,livre,17,Important
560,CMD-8986,CLI-9633,East Elizabeth,2026-05-25 10:47:12,2026-06-26 17:19:48,2026-07-15 12:55:27,131.7,ColisExpress,40.64122448979591,63,livre,18,Important
561,CMD-3223,CLI-9849,East Daniel,2024-08-26 20:24:44,2026-02-12 10:45:53,2026-05-04 18:14:54,26.6,KKExpress,30.7,118,en_cours,81,Important
562,CMD-7404,CLI-1197,East Austinside,2024-02-23 22:46:23,2026-01-29 05:59:41,2026-01-30 01:27:59,150.0,LivrHome,14.3,-1,en_cours,0,A l'heure
563,CMD-42,CLI-2725,Lake Jennifer,2025-08-15 08:23:47,2025-12-26 01:21:06,2026-05-17 21:53:58,35.7,DDPP,25.4,-1,inconnu,142,Important
566,CMD-6194,CLI-8206,Christopherbury,2025-01-06 06:44:57,2025-10-28 10:05:49,2026-06-30 14:55:33,106.7,RapidTrans,30.2,60,en_cours,245,Important
569,CMD-1050,CLI-1684,South Howardborough,2026-07-02 17:12:37,2026-07-21 20:05:02,2026-07-31 09:12:29,98.76647173489278,KKExpress,9.9,9,inconnu,9,Important
571,CMD-8544,CLI-3402,East Edward,2024-02-04 05:02:37,2024-12-14 13:12:26,2025-02-28 17:11:22,0.2,LivrHome,15.8,58,livre,76,Important
572,CMD-9101,CLI-6161,West Matthewmouth,2024-01-16 23:07:09,2025-11-29 10:37:44,2026-05-03 22:46:55,40.7,RelaisMaison,70.7,11,en_cours,155,Important
573,CMD-7859,CLI-1383,Martinezbury,2026-05-09 08:32:27,2026-05-18 09:18:28,2026-06-14 00:54:00,115.3,LaBP,2.8,87,inconnu,26,Important
574,CMD-4160,CLI-3859,Lake Jennifer,2024-12-31 21:20:39,2025-06-09 07:29:23,2025-09-11 07:27:21,18.6,LaBP,40.64122448979591,73,livre,93,Important
576,CMD-2158,CLI-5954,Cervanteston,2024-12-30 06:46:42,2026-02-27 07:37:48,2026-07-30 23:56:36,101.8,LivrHome,55.8,101,livre,153,Important
577,CMD-7899,CLI-4700,Port Stephaniefurt,2025-08-07 19:19:48,2026-07-30 23:45:59,2026-08-01 21:19:40,86.6,LivrHome,68.5,83,livre,1,A l'heure
579,CMD-27,CLI-3746,New Dianeport,2024-05-19 04:01:42,2025-03-31 07:22:35,2025-08-22 14:32:17,63.7,LaBP,78.8,120,inconnu,144,Important
581,CMD-2863,CLI-966,Kerrmouth,2025-07-12 19:45:24,2026-08-04 14:23:07,2026-08-05 10:44:12,120.2,DDPP,56.7,106,inconnu,0,A l'heure
583,CMD-1963,CLI-2290,Martinhaven,2024-06-05 23:04:31,2026-07-30 01:47:24,2026-08-01 05:00:55,43.6,LaBP,37.7,78,en_cours,2,Léger
584,CMD-1636,CLI-4241,East Carlafort,2024-09-21 02:31:23,2025-07-30 15:23:07,2026-01-25 05:04:03,24.3,RapidTrans,18.1,46,en_cours,178,Important
587,CMD-7098,CLI-6260,New John,2026-04-29 17:17:30,2026-05-02 01:23:48,2026-07-11 02:35:11,126.6,RapidTrans,41.2,89,en_cours,70,Important
588,CMD-8103,CLI-9957,North Danielleton,2026-04-19 21:12:01,2026-07-14 05:32:03,2026-07-28 20:38:10,999.0,DDPP,41.4,79,en_cours,14,Important
590,CMD-7640,CLI-4520,Bairdfort,2024-02-24 22:50:35,2024-09-17 14:06:48,2025-07-31 12:59:57,11.6,LivrHome,1.1,69,en_cours,316,Important
591,CMD-5118,CLI-4698,Richardtown,2025-07-26 03:55:24,2026-07-14 19:14:13,2026-07-21 19:56:59,42.5,RelaisMaison,69.5,30,inconnu,7,Important
594,CMD-3736,CLI-287,Markport,2025-05-28 11:17:46,2025-09-26 23:29:05,2025-11-17 16:48:30,94.6,DDPP,30.2,108,livre,51,Important
595,CMD-161,CLI-7399,South Elizabethview,2024-08-06 05:47:38,2025-03-08 22:39:15,2026-06-01 05:24:10,120.9,KKExpress,64.5,118,livre,449,Important
596,CMD-5030,CLI-7033,South Christopher,2025-02-25 07:05:10,2025-11-01 12:38:37,2025-11-09 17:19:32,94.7,LivrHome,18.5,98,livre,8,Important
598,CMD-366,CLI-1052,West Yeseniaville,2025-11-30 20:16:32,2026-05-13 14:20:19,2026-06-12 13:57:33,33.9,LaBP,40.64122448979591,11,livre,29,Important
599,CMD-8707,CLI-1337,Morganberg,2025-11-17 17:31:35,2026-06-18 20:06:29,2026-07-20 09:26:42,81.7,KKExpress,66.9,63,livre,31,Important
600,CMD-9968,CLI-9208,Lake Breanna,2023-12-15 13:19:45,2025-07-22 20:13:28,2026-05-31 04:41:16,77.0,LaBP,4.9,95,livre,312,Important
601,CMD-3521,CLI-5250,Justinview,2024-01-24 07:18:05,2024-09-13 16:29:35,2025-07-03 03:47:23,63.4,RapidTrans,20.6,58,inconnu,292,Important
603,CMD-5070,CLI-2096,Adrienneland,2025-07-31 15:45:15,2026-03-05 01:35:12,2026-06-13 08:08:36,81.8,DDPP,25.4,40,inconnu,100,Important
605,CMD-7914,CLI-9227,Brandonshire,2023-12-14 03:04:31,2024-08-28 20:17:44,2025-09-18 15:45:22,20.7,LivrHome,18.1,7,en_cours,385,Important
607,CMD-7409,CLI-9761,Karenbury,2024-07-18 04:50:44,2026-02-11 04:19:41,2026-03-19 06:03:04,8.4,DDPP,21.7,65,en_cours,36,Important
608,CMD-7232,CLI-2913,West Madelinemouth,2026-05-31 12:06:45,2026-07-08 10:10:14,2026-07-12 14:58:18,68.0,RapidTrans,40.64122448979591,72,inconnu,4,Léger
613,CMD-4263,CLI-6676,Lake Brian,2024-11-22 14:45:49,2025-03-27 20:52:52,2025-06-19 15:05:31,73.6,RapidTrans,27.1,68,inconnu,83,Important
614,CMD-5313,CLI-3711,Lake Davidmouth,2024-04-22 01:23:30,2024-06-09 02:44:53,2024-07-17 14:31:14,81.8,KKExpress,10.7,56,en_cours,38,Important
616,CMD-1122,CLI-9085,North Nancyshire,2024-08-21 19:58:52,2025-03-04 07:57:50,2025-07-15 20:49:30,82.8,KKExpress,42.9,90,livre,133,Important
619,CMD-2054,CLI-4234,Smithburgh,2025-07-29 22:08:43,2025-11-02 02:22:19,2026-07-05 23:11:38,12.1,DDPP,36.9,58,en_cours,245,Important
621,CMD-2589,CLI-5754,Wrightburgh,2024-06-23 12:57:02,2025-01-06 16:51:10,2025-05-05 01:19:11,58.2,RelaisMaison,17.2,65,inconnu,118,Important
623,CMD-9084,CLI-3708,Port Rachel,2025-05-17 23:36:02,2026-05-14 11:08:32,2026-07-20 05:44:33,17.6,ColisExpress,27.3,36,inconnu,66,Important
625,CMD-781,CLI-2095,Port Crystalbury,2025-09-12 20:58:46,2025-10-16 11:47:41,2026-03-07 20:03:10,59.2,KKExpress,7.2,24,en_cours,142,Important
627,CMD-7095,CLI-3300,Colemanbury,2024-11-19 21:32:48,2025-04-21 06:34:03,2026-07-29 14:56:02,118.9,KKExpress,40.64122448979591,-1,livre,464,Important
629,CMD-2001,CLI-8793,East Jameschester,2025-04-27 11:38:12,2025-12-09 16:48:25,2026-07-19 16:37:47,93.3,RelaisMaison,68.1,92,livre,221,Important
634,CMD-5997,CLI-3970,North Tyler,2026-02-25 19:34:21,2026-05-04 15:06:29,2026-07-17 05:32:19,90.8,RelaisMaison,40.64122448979591,8,livre,73,Important
637,CMD-7872,CLI-1092,Edwinborough,2024-11-14 15:23:36,2026-07-28 17:59:49,2026-08-04 01:36:52,85.2,RelaisMaison,4.1,58,inconnu,6,Important
638,CMD-983,CLI-3929,Hernandezberg,2025-05-12 22:23:57,2026-04-21 17:32:10,2026-07-16 09:12:23,83.3,ColisExpress,55.1,63,en_cours,85,Important
639,CMD-7125,CLI-6592,Franciscofort,2026-02-19 00:44:07,2026-07-17 06:07:25,2026-07-22 12:46:56,18.8,LaBP,64.4,56,inconnu,5,Important
640,CMD-7680,CLI-662,Lake Kathleen,2026-03-19 04:01:28,2026-06-26 07:49:21,2026-06-27 06:04:34,96.0,LivrHome,71.5,5,inconnu,0,A l'heure
642,CMD-4056,CLI-2207,West Michael,2026-07-12 05:47:48,2026-07-15 16:10:52,2026-07-25 14:31:17,113.7,LivrHome,21.0,58,inconnu,9,Important
644,CMD-4087,CLI-3141,Lake Brianbury,2024-05-21 16:10:02,2025-07-28 11:38:54,2026-03-11 09:22:18,24.9,LaBP,31.4,38,inconnu,225,Important
645,CMD-6867,CLI-188,Glennbury,2025-07-01 12:42:16,2025-10-02 15:19:56,2026-04-10 11:14:35,63.6,ColisExpress,44.4,58,en_cours,189,Important
648,CMD-8560,CLI-1638,North Gary,2026-05-11 17:30:37,2026-05-29 07:08:48,2026-06-10 19:45:56,26.2,LivrHome,74.0,80,en_cours,12,Important
649,CMD-9025,CLI-2969,South Ritamouth,2024-11-11 16:52:22,2025-11-13 23:24:02,2025-12-22 09:15:38,109.4,LaBP,30.3,64,inconnu,38,Important
650,CMD-8162,CLI-6049,New Gloriachester,2024-05-13 14:50:34,2025-10-29 22:09:29,2025-11-26 07:40:01,72.5,LaBP,10.4,105,inconnu,27,Important
652,CMD-984,CLI-5195,Frankfurt,2026-05-19 23:14:26,2026-06-09 20:27:00,2026-06-19 00:23:23,4.5,DDPP,71.0,36,inconnu,9,Important
653,CMD-7989,CLI-72,Gabrielstad,2025-05-28 17:39:04,2026-06-05 11:44:02,2026-07-04 09:38:24,123.9,DDPP,51.7,58,inconnu,28,Important
654,CMD-2739,CLI-1974,Franklinview,2024-02-06 16:46:52,2025-06-26 12:39:47,2025-10-29 19:42:50,86.1,LaBP,7.4,19,livre,125,Important
656,CMD-9546,CLI-1802,Lake Marcusmouth,2024-08-02 11:34:37,2026-05-15 00:05:27,2026-06-25 05:30:21,79.8,RelaisMaison,16.2,67,livre,41,Important
658,CMD-1974,CLI-9853,Port Rhondastad,2023-12-18 10:52:59,2025-05-21 21:24:26,2026-04-23 15:24:43,3.8,LivrHome,73.9,111,en_cours,336,Important
663,CMD-8453,CLI-1259,Fowlerville,2025-11-29 06:37:20,2025-12-11 20:11:11,2026-05-08 00:17:29,92.5,RapidTrans,31.5,3,en_cours,147,Important
664,CMD-1620,CLI-4873,Williamtown,2024-10-03 16:00:56,2025-01-13 17:05:26,2026-06-03 20:37:07,69.6,ColisExpress,24.2,56,livre,506,Important
665,CMD-2430,CLI-7270,New Nancy,2024-10-02 13:11:15,2025-03-01 13:51:40,2025-06-14 03:08:06,83.2,RapidTrans,4.7,96,en_cours,104,Important
667,CMD-7408,CLI-8712,Townsendtown,2025-01-29 11:55:41,2026-03-31 15:28:41,2026-04-21 11:14:16,114.7,ColisExpress,20.6,14,livre,20,Important
669,CMD-707,CLI-583,New Carla,2026-02-01 21:19:53,2026-07-11 10:10:40,2026-08-03 14:24:39,60.9,ColisExpress,75.2,77,inconnu,23,Important
670,CMD-8465,CLI-5297,Jonathanview,2024-07-15 02:56:46,2026-05-22 10:35:29,2026-06-03 17:58:24,41.4,LivrHome,14.0,75,inconnu,12,Important
671,CMD-1110,CLI-3877,New Bradleyview,2025-04-24 15:19:15,2026-05-24 22:38:13,2026-05-31 02:59:34,60.3,RapidTrans,42.4,1,en_cours,6,Important
674,CMD-6696,CLI-2604,South Williammouth,2025-01-21 09:37:40,2026-04-04 20:57:33,2026-04-05 06:38:10,57.8,LivrHome,30.1,-1,inconnu,0,A l'heure
675,CMD-6541,CLI-4997,South Matthew,2024-03-08 04:44:18,2025-12-23 00:26:08,2026-03-27 12:34:27,72.2,RapidTrans,13.9,104,livre,94,Important
677,CMD-2891,CLI-6318,Wheelermouth,2026-05-26 22:59:26,2026-07-01 20:52:43,2026-07-11 10:16:53,30.4,KKExpress,61.8,61,en_cours,9,Important
679,CMD-4482,CLI-3851,Brandonland,2025-05-28 18:28:33,2025-08-29 06:01:45,2026-01-23 16:04:03,65.9,LaBP,40.64122448979591,87,livre,147,Important
680,CMD-955,CLI-2937,New Christopherfort,2024-06-07 05:03:54,2025-10-08 10:04:55,2026-01-09 01:33:18,79.9,KKExpress,8.2,89,livre,92,Important
681,CMD-6099,CLI-3821,West Chadport,2026-07-31 03:59:26,2026-08-04 17:21:36,2026-08-04 21:39:35,2.8,LaBP,45.7,-1,livre,0,A l'heure
684,CMD-7191,CLI-4426,Kruegerfort,2024-01-24 00:10:27,2024-04-03 09:49:40,2024-09-11 23:49:00,70.5,RelaisMaison,40.64122448979591,105,livre,161,Important
685,CMD-9692,CLI-9036,South Bonnie,2024-07-27 13:41:58,2025-03-06 03:39:42,2026-07-21 13:50:31,99.2,RelaisMaison,76.6,58,inconnu,502,Important
686,CMD-1701,CLI-4433,Ortizview,2025-09-17 21:41:36,2025-10-05 16:30:24,2026-04-29 20:06:37,122.7,RelaisMaison,27.9,82,en_cours,206,Important
687,CMD-9810,CLI-2429,Jamesland,2024-07-26 09:41:35,2025-11-28 20:34:24,2026-05-03 21:20:36,79.2,DDPP,21.3,58,inconnu,156,Important
689,CMD-9383,CLI-3947,Nathanmouth,2024-03-23 15:04:49,2026-03-24 12:33:24,2026-04-04 07:59:37,68.6,ColisExpress,29.2,37,inconnu,10,Important
690,CMD-4571,CLI-1363,New Anthonymouth,2025-01-24 06:38:00,2026-07-27 18:42:28,2026-07-30 08:42:44,98.76647173489278,KKExpress,51.7,-1,en_cours,2,Léger
692,CMD-3248,CLI-6438,Dianaberg,2024-09-08 18:59:12,2024-12-12 21:15:17,2026-06-23 05:38:01,79.2,KKExpress,44.0,25,livre,557,Important
693,CMD-2195,CLI-2270,North Madisonland,2025-11-14 02:22:31,2026-06-27 04:09:54,2026-08-04 05:13:58,20.8,LaBP,58.1,-1,inconnu,38,Important
695,CMD-2314,CLI-1271,East Megan,2024-09-16 15:37:13,2026-01-01 16:12:25,2026-04-28 18:12:31,54.6,KKExpress,10.2,20,livre,117,Important
698,CMD-2405,CLI-9708,Vanessashire,2024-08-08 04:49:55,2026-06-11 18:00:27,2026-07-25 21:59:24,70.6,LaBP,25.2,31,inconnu,44,Important
701,CMD-4771,CLI-1658,Port Jason,2024-10-04 07:14:20,2026-06-16 19:43:14,2026-07-15 01:04:33,999.0,DDPP,66.2,31,inconnu,28,Important
702,CMD-1696,CLI-4135,Schwartzport,2024-08-16 12:00:05,2025-01-11 09:57:45,2026-05-21 20:42:39,8.5,DDPP,40.64122448979591,45,inconnu,495,Important
703,CMD-1407,CLI-9726,Port Dalton,2024-05-03 17:15:30,2026-01-26 17:55:34,2026-06-02 04:20:15,114.4,DDPP,26.5,85,livre,126,Important
704,CMD-2475,CLI-4695,Dixonshire,2023-12-05 08:09:37,2024-03-09 05:35:16,2024-10-28 00:32:36,98.76647173489278,KKExpress,51.2,44,inconnu,232,Important
705,CMD-687,CLI-4617,South Nathaniel,2024-04-22 20:40:43,2025-07-06 12:28:46,2026-05-12 17:48:22,23.3,KKExpress,62.9,17,inconnu,310,Important
707,CMD-2312,CLI-8239,Katherinefort,2024-09-08 01:40:20,2025-07-17 00:43:31,2025-10-22 14:02:06,127.0,ColisExpress,36.7,89,inconnu,97,Important
709,CMD-8610,CLI-6351,South Elaineland,2024-04-12 08:08:31,2026-05-02 13:04:21,2026-05-31 14:15:02,98.76647173489278,DDPP,32.7,54,inconnu,29,Important
711,CMD-5267,CLI-4403,Aprilshire,2026-04-25 22:57:33,2026-07-24 14:07:25,2026-08-01 12:27:51,114.0,LivrHome,16.4,107,en_cours,7,Important
712,CMD-5631,CLI-6935,Lake Jacquelineburgh,2024-02-14 08:38:45,2024-04-11 03:51:28,2025-05-03 09:43:08,100.6,KKExpress,45.2,63,livre,387,Important
716,CMD-3334,CLI-8463,West Thomasville,2026-02-22 22:41:28,2026-05-14 03:23:42,2026-07-29 15:10:12,24.6,DDPP,14.0,40,livre,76,Important
717,CMD-8148,CLI-5350,North Nicolechester,2024-10-18 20:51:20,2026-05-16 00:15:16,2026-08-05 11:47:21,100.8,LivrHome,8.1,58,en_cours,81,Important
718,CMD-6964,CLI-1577,New Tanyachester,2025-03-18 15:44:39,2025-04-17 21:36:46,2025-09-23 21:25:39,131.2,RelaisMaison,12.4,22,inconnu,158,Important
719,CMD-5514,CLI-7099,Lawrencehaven,2024-09-12 07:20:15,2025-12-02 21:32:49,2025-12-28 15:44:43,19.9,RapidTrans,76.4,3,inconnu,25,Important
720,CMD-3181,CLI-1325,Maureenchester,2024-07-26 05:41:18,2026-06-03 02:20:45,2026-06-16 02:57:20,122.4,RelaisMaison,71.1,52,livre,13,Important
723,CMD-1350,CLI-6136,Meyersview,2026-05-01 13:04:43,2026-06-16 14:47:05,2026-07-12 20:07:17,91.3,LivrHome,66.4,61,inconnu,26,Important
728,CMD-3565,CLI-3889,East Michele,2024-07-08 00:52:09,2026-06-10 15:40:49,2026-06-20 05:52:20,105.6,RapidTrans,38.5,31,en_cours,9,Important
731,CMD-255,CLI-8305,Fosterburgh,2024-11-29 04:10:56,2025-05-20 15:30:40,2026-01-10 10:37:59,50.2,RelaisMaison,63.3,52,livre,234,Important
733,CMD-3612,CLI-1311,South Makaylaburgh,2024-08-04 01:29:26,2025-01-17 14:25:00,2025-06-08 22:09:35,111.0,LaBP,49.9,5,en_cours,142,Important
734,CMD-9004,CLI-3989,North Brittanyview,2026-06-23 21:09:09,2026-07-30 17:01:23,2026-07-31 13:26:17,48.0,LaBP,5.9,114,livre,0,A l'heure
736,CMD-4351,CLI-1763,Carolynton,2024-02-14 08:19:39,2024-09-17 19:40:18,2025-09-26 19:58:55,33.0,LaBP,40.64122448979591,101,livre,374,Important
737,CMD-4767,CLI-9099,New Michael,2025-06-06 19:15:11,2026-06-25 10:42:38,2026-07-15 10:20:47,54.2,RapidTrans,35.2,111,inconnu,19,Important
739,CMD-34,CLI-726,Lucasland,2025-02-27 00:18:04,2025-10-17 06:26:48,2025-12-28 11:13:06,9.6,RapidTrans,49.8,96,inconnu,72,Important
740,CMD-6145,CLI-2030,Port Kristopher,2025-04-07 20:16:24,2026-07-14 16:37:43,2026-07-17 15:40:25,33.6,DDPP,77.7,58,en_cours,2,Léger
741,CMD-678,CLI-1231,Lake Jessica,2024-08-03 02:55:23,2026-01-25 09:00:48,2026-04-09 22:55:19,107.9,DDPP,58.7,58,livre,74,Important
742,CMD-7950,CLI-123,Port Josephchester,2024-02-18 20:38:38,2026-02-28 04:47:26,2026-06-21 06:46:18,98.9,DDPP,4.3,58,livre,113,Important
743,CMD-4545,CLI-8627,New Debra,2025-09-22 05:56:51,2026-05-30 09:53:10,2026-07-01 16:52:45,999.0,LaBP,40.64122448979591,102,inconnu,32,Important
748,CMD-9238,CLI-5914,Danielchester,2026-05-08 20:59:46,2026-06-26 20:05:32,2026-07-24 00:54:07,132.2,LaBP,60.5,77,en_cours,27,Important
754,CMD-4748,CLI-2189,South Evan,2024-09-25 02:14:22,2025-08-05 07:47:27,2026-04-01 04:15:42,8.4,DDPP,79.8,10,en_cours,238,Important
756,CMD-3900,CLI-9411,Lake Melaniefurt,2025-09-29 09:52:10,2026-06-02 09:41:31,2026-06-08 23:09:04,39.5,DDPP,46.7,107,livre,6,Important
757,CMD-1569,CLI-6457,West Brianview,2025-04-17 07:33:03,2026-02-10 07:04:56,2026-04-01 18:03:32,75.3,LaBP,2.6,34,inconnu,50,Important
760,CMD-7886,CLI-1602,Peterbury,2024-03-01 12:24:25,2025-12-31 00:25:56,2026-05-15 06:10:02,88.4,ColisExpress,58.9,22,en_cours,135,Important
762,CMD-1766,CLI-7783,Hubermouth,2024-03-26 03:34:29,2025-06-11 08:14:30,2026-03-31 17:22:43,91.6,ColisExpress,53.2,63,en_cours,293,Important
764,CMD-515,CLI-6304,Thompsonmouth,2023-12-18 20:20:01,2025-07-26 00:27:54,2026-05-06 11:14:09,75.2,RelaisMaison,69.7,73,livre,284,Important
765,CMD-6434,CLI-600,Lake Kimberlystad,2024-11-09 00:19:17,2026-03-22 01:46:45,2026-04-23 17:46:59,999.0,DDPP,12.2,99,en_cours,32,Important
766,CMD-9414,CLI-9267,Bowersfurt,2024-05-12 07:04:39,2026-06-30 10:58:41,2026-07-21 18:43:46,31.3,KKExpress,66.8,19,inconnu,21,Important
770,CMD-6612,CLI-4225,Roberthaven,2025-03-25 18:40:47,2026-05-23 20:54:20,2026-07-23 07:08:50,11.3,RapidTrans,2.7,107,livre,60,Important
772,CMD-4158,CLI-6901,Brookeport,2024-08-04 20:41:11,2026-03-14 21:37:12,2026-07-10 10:41:48,115.6,LaBP,61.5,1,livre,117,Important
773,CMD-1622,CLI-2972,South Lauren,2024-05-26 16:47:12,2025-01-25 23:34:16,2025-06-19 05:24:58,24.0,LaBP,65.4,107,en_cours,144,Important
779,CMD-5942,CLI-5399,Wilsonborough,2024-03-08 04:53:38,2026-05-06 01:43:26,2026-06-16 08:14:01,65.0,RapidTrans,56.3,33,inconnu,41,Important
781,CMD-4702,CLI-4333,Port Dannyland,2024-09-27 13:25:37,2025-01-03 14:31:23,2025-10-22 17:19:06,13.7,KKExpress,42.4,72,livre,292,Important
786,CMD-5018,CLI-7345,Taylorborough,2025-10-13 02:07:39,2026-05-14 02:09:39,2026-08-05 10:29:47,85.9,KKExpress,40.64122448979591,58,inconnu,83,Important
788,CMD-9022,CLI-553,Davidland,2025-05-16 10:09:47,2025-10-16 06:38:15,2026-02-15 19:29:46,65.1,KKExpress,40.64122448979591,42,livre,122,Important
789,CMD-432,CLI-4958,Jamesburgh,2024-02-23 16:41:30,2025-03-18 18:52:00,2026-07-06 20:40:16,102.3,LaBP,50.1,88,en_cours,475,Important
793,CMD-5785,CLI-8111,Omarton,2025-03-21 22:56:49,2026-04-12 18:27:39,2026-05-30 14:10:12,102.7,KKExpress,64.5,95,livre,47,Important
794,CMD-1309,CLI-559,North Lauramouth,2025-04-26 10:25:54,2026-03-08 07:49:56,2026-05-13 02:23:53,9.5,RelaisMaison,57.6,9,inconnu,65,Important
795,CMD-4061,CLI-9078,Kerryhaven,2024-04-03 00:08:44,2025-02-06 16:28:34,2025-03-16 02:21:04,49.8,LaBP,26.9,44,en_cours,37,Important
797,CMD-3073,CLI-3283,Mariaville,2025-07-17 07:44:16,2025-08-11 02:47:37,2026-04-01 06:25:31,132.5,LaBP,20.1,88,livre,233,Important
800,CMD-6363,CLI-389,Walkertown,2024-06-29 17:44:38,2024-12-23 10:19:27,2026-05-12 18:37:05,999.0,ColisExpress,24.5,22,en_cours,505,Important
804,CMD-8994,CLI-1146,Port Jamesside,2024-12-02 16:48:38,2024-12-14 15:53:49,2026-07-21 11:54:40,9.9,ColisExpress,15.0,120,inconnu,583,Important
809,CMD-2374,CLI-1739,Mariafort,2024-04-24 16:06:13,2025-06-26 14:26:57,2026-03-10 10:06:48,98.76647173489278,LaBP,41.0,13,inconnu,256,Important
810,CMD-5972,CLI-1932,Hillstad,2025-01-01 15:59:19,2026-06-03 11:21:45,2026-06-09 04:41:31,110.6,RapidTrans,21.6,37,en_cours,5,Important
812,CMD-2161,CLI-8262,Steveville,2025-01-24 08:36:35,2026-03-09 07:46:34,2026-06-12 15:36:08,21.7,LivrHome,37.4,20,en_cours,95,Important
815,CMD-5165,CLI-555,Heatherfort,2024-01-24 12:15:29,2026-01-04 06:04:57,2026-01-15 04:58:03,150.0,LaBP,40.64122448979591,17,livre,10,Important
817,CMD-8693,CLI-8314,South Sean,2025-09-15 17:53:06,2025-09-27 21:01:03,2026-03-29 11:46:20,150.0,RapidTrans,1.5,9,en_cours,182,Important
818,CMD-5068,CLI-9037,Hallhaven,2024-01-12 16:05:46,2026-05-20 21:45:11,2026-06-19 11:38:38,131.0,KKExpress,14.2,25,inconnu,29,Important
820,CMD-3721,CLI-224,New Shawnshire,2025-10-19 22:51:43,2026-01-31 22:35:42,2026-07-18 03:36:03,13.5,ColisExpress,71.8,78,inconnu,167,Important
821,CMD-6755,CLI-527,Christianbury,2024-08-16 07:16:20,2025-02-09 16:53:55,2025-02-21 08:38:56,57.9,DDPP,55.6,17,en_cours,11,Important
822,CMD-8363,CLI-442,New John,2024-06-09 03:57:45,2025-06-01 02:19:26,2026-04-24 18:26:53,61.1,ColisExpress,41.6,73,inconnu,327,Important
824,CMD-3311,CLI-6515,Michealmouth,2024-01-29 12:20:15,2025-02-12 09:46:19,2026-07-15 04:06:20,98.76647173489278,DDPP,21.3,-1,inconnu,517,Important
825,CMD-4472,CLI-3360,Ralphhaven,2025-12-12 04:35:13,2026-02-01 07:54:05,2026-04-19 01:00:01,101.7,LivrHome,25.2,54,livre,76,Important
829,CMD-4317,CLI-5589,Halltown,2025-03-29 13:46:02,2025-11-14 01:02:56,2026-05-18 15:13:05,98.76647173489278,RelaisMaison,66.9,56,livre,185,Important
831,CMD-8977,CLI-7011,South Christophershire,2025-10-25 21:08:34,2026-06-23 05:06:53,2026-08-05 04:50:51,11.3,LaBP,65.3,71,en_cours,42,Important
833,CMD-1960,CLI-4260,Gallaghertown,2025-05-14 04:13:18,2025-09-20 22:08:05,2026-01-16 05:20:15,22.4,DDPP,44.9,77,livre,117,Important
836,CMD-7969,CLI-6184,West Allison,2026-06-05 13:29:52,2026-07-01 16:44:47,2026-07-28 10:10:28,150.0,LivrHome,14.7,106,inconnu,26,Important
837,CMD-6618,CLI-5920,Jenniferfort,2025-09-03 20:29:45,2026-02-09 06:50:50,2026-02-28 10:26:31,8.1,RelaisMaison,53.6,116,en_cours,19,Important
839,CMD-3025,CLI-6534,West Frances,2026-05-23 15:51:38,2026-05-24 06:32:18,2026-06-25 19:28:28,132.8,KKExpress,66.5,36,livre,32,Important
841,CMD-1761,CLI-7431,New Teresa,2026-01-14 15:15:19,2026-05-12 19:42:52,2026-06-01 10:22:51,55.6,LivrHome,78.4,96,livre,19,Important
843,CMD-6915,CLI-1920,Johnsonport,2024-11-06 10:16:19,2026-02-26 11:43:02,2026-06-18 11:37:50,7.2,RapidTrans,62.9,112,livre,111,Important
846,CMD-1399,CLI-1645,East Dwayne,2024-01-07 21:26:26,2025-04-23 11:48:30,2026-07-31 12:27:36,56.5,ColisExpress,79.7,58,inconnu,464,Important
847,CMD-6928,CLI-1063,Johnsonstad,2025-10-25 20:27:01,2026-01-13 00:52:52,2026-03-26 13:50:59,108.8,RapidTrans,40.64122448979591,72,inconnu,72,Important
850,CMD-8997,CLI-5418,Webermouth,2023-11-13 08:20:27,2026-07-17 22:34:17,2026-08-05 13:55:24,999.0,KKExpress,4.5,101,inconnu,18,Important
851,CMD-6572,CLI-8957,Brookestad,2025-07-23 02:33:36,2026-07-05 07:28:57,2026-08-03 17:31:01,133.2,RapidTrans,33.2,49,en_cours,29,Important
853,CMD-9227,CLI-3121,Mcintyrefurt,2024-02-22 19:50:57,2026-02-19 21:49:57,2026-03-30 21:05:54,97.3,LivrHome,41.3,113,livre,38,Important
857,CMD-1364,CLI-5844,South Kathryn,2025-01-28 15:34:20,2025-09-24 15:37:11,2026-04-03 19:25:03,35.9,LaBP,1.2,58,inconnu,191,Important
861,CMD-7497,CLI-3650,Sarahville,2025-03-03 03:31:17,2026-06-18 23:24:28,2026-08-01 11:32:51,0.7000000000000001,KKExpress,67.1,58,livre,43,Important
865,CMD-4838,CLI-5735,Cherylmouth,2025-01-29 06:04:38,2025-03-19 03:15:21,2025-10-16 00:28:51,35.5,LivrHome,23.4,11,en_cours,210,Important
867,CMD-8052,CLI-7667,Natashahaven,2024-07-16 05:58:39,2025-08-25 04:09:52,2026-07-25 10:22:44,81.7,DDPP,76.8,58,en_cours,334,Important
868,CMD-1764,CLI-654,North Malloryburgh,2024-02-17 10:51:51,2025-08-23 09:38:25,2025-10-04 11:35:00,37.7,KKExpress,77.6,118,inconnu,42,Important
869,CMD-4988,CLI-8115,Port Brianberg,2024-03-20 07:52:43,2025-08-16 19:42:03,2026-03-11 17:22:35,3.5,RelaisMaison,16.2,117,livre,206,Important
870,CMD-6353,CLI-2987,Victoriatown,2026-07-11 04:01:29,2026-07-26 20:28:40,2026-07-30 08:19:45,79.3,RelaisMaison,41.9,59,livre,3,Léger
871,CMD-3115,CLI-5857,Michaelton,2025-03-23 20:49:52,2025-04-19 21:02:52,2026-05-06 18:23:23,86.1,LaBP,40.64122448979591,103,inconnu,381,Important
872,CMD-7690,CLI-3298,Stephenland,2025-02-21 09:48:36,2026-04-11 14:11:00,2026-06-30 17:40:09,34.5,ColisExpress,19.3,27,livre,80,Important
874,CMD-3494,CLI-3179,Vanessafurt,2025-04-23 22:06:05,2026-04-17 07:13:31,2026-08-04 18:43:11,36.0,KKExpress,59.7,30,inconnu,109,Important
880,CMD-7651,CLI-5901,Port Wayneberg,2024-01-06 12:45:43,2024-04-15 13:48:39,2025-10-14 08:06:53,80.3,KKExpress,6.9,111,en_cours,546,Important
883,CMD-4399,CLI-9687,Cabrerabury,2024-02-03 01:05:57,2025-04-04 12:58:43,2026-06-15 04:00:17,31.2,KKExpress,39.5,43,inconnu,436,Important
884,CMD-1497,CLI-1305,East Keith,2025-04-06 15:16:05,2025-10-07 00:17:06,2026-04-19 07:43:39,68.0,RelaisMaison,11.7,102,livre,194,Important
885,CMD-661,CLI-5378,West Heidi,2025-06-04 14:01:22,2026-01-27 02:40:36,2026-06-03 21:54:21,94.4,ColisExpress,16.1,30,inconnu,127,Important
886,CMD-7858,CLI-7490,North Nicholasmouth,2023-11-18 10:15:35,2024-02-28 00:00:36,2026-01-08 10:06:29,118.4,LaBP,8.9,88,en_cours,680,Important
887,CMD-2263,CLI-9687,South Shane,2026-04-19 08:45:04,2026-07-19 13:18:25,2026-08-04 19:42:07,134.7,DDPP,77.6,31,en_cours,16,Important
888,CMD-3805,CLI-3251,Gravesfurt,2024-07-25 06:00:53,2024-08-24 20:27:51,2024-08-26 23:21:52,30.4,LivrHome,35.4,106,en_cours,2,Léger
889,CMD-3988,CLI-1568,North Paulmouth,2025-08-23 14:54:03,2025-11-12 13:59:22,2026-08-02 22:29:55,12.2,LaBP,73.6,55,inconnu,263,Important
890,CMD-1659,CLI-2322,Klinemouth,2025-12-12 23:57:57,2026-05-11 03:11:44,2026-07-08 20:56:16,104.6,RapidTrans,31.4,47,inconnu,58,Important
892,CMD-1087,CLI-4217,Leslieville,2025-01-06 20:56:29,2025-10-14 03:04:26,2026-04-23 22:22:51,36.4,DDPP,3.2,82,en_cours,191,Important
893,CMD-882,CLI-866,North Joshuaport,2025-05-03 23:27:29,2026-01-13 14:30:44,2026-06-05 18:47:52,9.3,KKExpress,49.6,45,inconnu,143,Important
894,CMD-1479,CLI-1703,Riggsmouth,2024-10-15 15:39:13,2025-11-07 10:10:01,2026-02-16 07:27:25,100.9,LivrHome,41.9,117,inconnu,100,Important
895,CMD-2145,CLI-9063,East Manuelmouth,2024-09-12 06:02:40,2026-05-18 13:34:17,2026-07-15 15:10:28,118.9,RapidTrans,40.7,21,inconnu,58,Important
898,CMD-9290,CLI-1775,North Anthonyburgh,2025-05-31 08:01:59,2026-01-11 15:05:30,2026-07-31 05:12:42,999.0,LaBP,68.9,15,en_cours,200,Important
899,CMD-3912,CLI-6897,South Sandrafurt,2026-03-27 23:37:50,2026-07-08 00:28:34,2026-07-16 09:04:14,100.4,RelaisMaison,72.6,35,en_cours,8,Important
900,CMD-5110,CLI-1040,Terrellville,2025-10-29 10:36:11,2026-06-15 09:28:08,2026-08-04 04:41:42,70.9,KKExpress,68.1,85,inconnu,49,Important
903,CMD-4346,CLI-7232,Simpsonmouth,2025-07-14 14:58:54,2026-01-29 22:09:01,2026-04-08 05:50:21,62.2,KKExpress,49.5,68,inconnu,68,Important
906,CMD-9707,CLI-8794,Charlestown,2026-02-05 18:35:03,2026-08-03 23:08:41,2026-08-04 15:27:06,18.2,DDPP,36.6,29,livre,0,A l'heure
908,CMD-339,CLI-6724,Fosterfort,2026-02-16 14:58:44,2026-05-15 17:24:14,2026-07-08 06:49:24,82.3,LivrHome,73.8,2,en_cours,53,Important
909,CMD-2733,CLI-3404,Nicoleberg,2025-05-18 12:50:22,2026-06-27 02:15:05,2026-07-14 02:27:50,28.3,RelaisMaison,46.3,58,inconnu,17,Important
910,CMD-2771,CLI-895,Lake Steven,2025-06-30 14:40:27,2026-06-20 10:19:29,2026-08-01 17:18:35,86.5,ColisExpress,40.64122448979591,58,en_cours,42,Important
912,CMD-1014,CLI-9417,Gibsonport,2023-12-11 15:24:33,2024-06-29 22:44:23,2024-07-12 09:42:27,98.76647173489278,LivrHome,40.7,11,livre,12,Important
913,CMD-8256,CLI-4925,East Rebeccafurt,2026-02-09 16:46:07,2026-04-26 15:49:28,2026-05-27 12:22:22,71.5,DDPP,40.64122448979591,115,livre,30,Important
915,CMD-3383,CLI-3120,Lake Elizabethstad,2025-07-20 19:43:46,2026-03-04 07:58:56,2026-04-23 06:23:29,120.5,LaBP,52.6,16,inconnu,49,Important
916,CMD-8134,CLI-4596,Port Brittanyton,2025-12-30 16:55:39,2026-06-08 06:09:54,2026-06-09 13:47:55,79.8,RelaisMaison,56.2,71,livre,1,A l'heure
917,CMD-8882,CLI-2660,Gouldside,2024-09-30 16:04:52,2026-06-19 22:00:57,2026-06-30 03:10:23,17.9,ColisExpress,16.1,88,inconnu,10,Important
919,CMD-5371,CLI-1745,North Sonya,2025-04-04 16:44:38,2026-07-28 12:28:53,2026-08-05 17:54:02,2.9,LaBP,40.64122448979591,10,livre,8,Important
920,CMD-5131,CLI-1223,New Jimmy,2026-07-21 19:48:26,2026-08-02 19:19:13,2026-08-05 02:27:03,150.0,LivrHome,17.8,49,inconnu,2,Léger
925,CMD-8999,CLI-6175,West Jasonborough,2025-03-24 16:39:28,2025-07-22 09:10:57,2026-03-16 02:32:56,64.3,RapidTrans,61.2,15,en_cours,236,Important
926,CMD-1154,CLI-5559,New Jenniferbury,2025-10-05 08:22:41,2026-07-08 10:12:01,2026-07-23 02:27:08,99.0,RelaisMaison,68.7,62,inconnu,14,Important
928,CMD-3184,CLI-9495,South Ericburgh,2026-05-24 00:59:34,2026-06-04 10:12:54,2026-06-28 08:03:44,22.7,DDPP,18.3,18,inconnu,23,Important
929,CMD-6796,CLI-6072,Amandafurt,2026-05-11 01:41:46,2026-07-13 13:59:54,2026-07-22 01:49:18,98.76647173489278,ColisExpress,40.64122448979591,29,en_cours,8,Important
930,CMD-9354,CLI-8223,North Ryan,2024-04-16 05:39:45,2025-09-22 07:12:52,2026-01-04 03:39:10,35.6,LaBP,15.5,112,inconnu,103,Important
933,CMD-407,CLI-4822,Johnside,2025-04-10 22:01:24,2025-05-28 02:18:04,2026-06-07 17:32:14,22.9,DDPP,1.5,58,en_cours,375,Important
935,CMD-475,CLI-1368,Port Bonnie,2025-03-08 07:04:12,2025-03-27 14:15:26,2026-02-14 21:40:27,49.9,LivrHome,27.9,58,inconnu,324,Important
937,CMD-9903,CLI-2528,Carolville,2024-03-19 18:11:10,2026-04-09 10:40:37,2026-07-31 18:43:20,45.8,DDPP,9.7,72,inconnu,113,Important
938,CMD-1608,CLI-8432,Gregoryfurt,2025-04-03 06:46:51,2025-04-21 17:50:25,2026-03-25 04:11:17,52.2,KKExpress,78.8,17,livre,337,Important
943,CMD-9567,CLI-210,Schroederfurt,2025-06-25 21:16:49,2026-03-16 23:09:18,2026-05-14 20:49:15,0.5,LivrHome,23.2,55,livre,58,Important
944,CMD-5219,CLI-691,North Roger,2024-04-18 07:14:31,2025-10-11 07:47:41,2026-02-16 08:22:17,999.0,RelaisMaison,45.6,57,en_cours,128,Important
947,CMD-989,CLI-8387,North Carmentown,2026-03-25 19:20:52,2026-05-17 05:37:09,2026-07-05 20:12:06,58.9,LivrHome,40.64122448979591,85,en_cours,49,Important
949,CMD-8885,CLI-6108,Nelsonmouth,2024-11-26 23:43:13,2026-03-13 14:19:26,2026-05-28 00:19:21,82.8,KKExpress,38.5,72,inconnu,75,Important
950,CMD-8981,CLI-8742,Kristintown,2025-08-28 16:39:49,2026-06-26 03:19:49,2026-06-30 05:17:57,123.6,LaBP,40.64122448979591,18,livre,4,Léger
951,CMD-3646,CLI-6907,Veronicaside,2023-11-24 12:00:36,2025-05-09 08:27:35,2025-10-25 05:54:01,20.3,RelaisMaison,36.6,76,inconnu,168,Important
952,CMD-3420,CLI-5262,Mollyberg,2024-08-11 17:24:39,2025-04-18 17:25:41,2025-07-06 14:29:41,999.0,RapidTrans,45.5,-1,en_cours,78,Important
956,CMD-1783,CLI-4915,Rebeccafurt,2024-11-07 22:42:46,2025-05-31 22:17:26,2026-01-18 08:52:20,46.9,RapidTrans,55.6,13,en_cours,231,Important
957,CMD-6707,CLI-2880,South Frank,2026-04-13 01:25:36,2026-08-02 07:10:50,2026-08-04 18:31:21,24.0,RelaisMaison,22.3,86,inconnu,2,Léger
958,CMD-8881,CLI-6000,Lake Crystalborough,2026-07-18 07:18:33,2026-07-20 09:03:57,2026-07-25 02:33:44,134.8,DDPP,40.1,108,en_cours,4,Léger
960,CMD-9258,CLI-9460,Mcdowellhaven,2024-11-02 19:05:15,2026-05-12 02:19:31,2026-05-21 00:58:34,63.3,LaBP,55.3,69,en_cours,8,Important
961,CMD-5886,CLI-1428,North Carriemouth,2025-12-31 03:36:00,2026-05-04 05:23:25,2026-06-18 01:53:36,106.2,LaBP,46.0,85,en_cours,44,Important
963,CMD-7426,CLI-8882,South Kristie,2025-01-14 15:57:50,2025-06-20 04:57:37,2025-09-28 19:39:48,98.76647173489278,RelaisMaison,15.4,-1,inconnu,100,Important
966,CMD-4279,CLI-6313,Lake John,2026-05-03 09:05:59,2026-07-15 02:36:58,2026-07-18 18:51:27,72.5,KKExpress,64.1,69,livre,3,Léger
969,CMD-8803,CLI-2723,Ashleyhaven,2024-07-31 11:49:39,2025-01-16 07:07:54,2025-11-08 22:51:27,93.8,KKExpress,58.4,81,en_cours,296,Important
974,CMD-5689,CLI-4983,Lewiston,2024-04-01 19:20:30,2026-07-15 21:03:16,2026-08-05 04:10:48,26.6,LaBP,10.0,26,en_cours,20,Important
975,CMD-5202,CLI-2160,North Shannonview,2024-01-22 12:28:05,2026-05-14 11:08:59,2026-07-08 20:53:28,89.3,DDPP,23.6,14,inconnu,55,Important
976,CMD-881,CLI-7842,Abigailstad,2026-04-15 15:08:06,2026-06-30 15:52:55,2026-07-09 05:21:52,127.4,LaBP,44.3,81,en_cours,8,Important
979,CMD-5815,CLI-8465,Knightmouth,2024-03-09 15:27:02,2024-12-30 20:41:14,2026-02-18 15:41:29,33.1,LaBP,51.2,75,livre,414,Important
980,CMD-9829,CLI-9557,West Jeffrey,2026-06-28 02:09:26,2026-07-11 17:32:40,2026-07-13 09:06:16,92.8,RelaisMaison,35.4,92,en_cours,1,A l'heure
981,CMD-7070,CLI-2561,Lake Julia,2026-06-24 01:33:34,2026-06-25 13:07:08,2026-07-02 19:54:33,98.76647173489278,ColisExpress,33.4,97,livre,7,Important
986,CMD-7193,CLI-7274,Jessicaside,2025-11-06 07:09:16,2025-11-16 02:41:16,2026-02-22 01:42:48,12.5,DDPP,40.64122448979591,54,en_cours,97,Important
990,CMD-1532,CLI-599,Lake Amandaborough,2026-06-29 20:01:18,2026-07-25 06:39:09,2026-08-01 02:54:11,10.7,LivrHome,79.3,87,inconnu,6,Important
991,CMD-6844,CLI-1185,Johnmouth,2024-12-02 06:47:35,2025-12-31 19:43:06,2026-07-30 21:11:01,120.7,DDPP,29.4,34,en_cours,211,Important
992,CMD-3101,CLI-1913,Rowlandville,2024-09-02 03:49:58,2025-11-19 03:54:02,2026-07-16 01:19:05,5.0,RapidTrans,78.0,58,livre,238,Important
993,CMD-379,CLI-8511,South Jason,2025-11-29 23:16:26,2026-02-28 17:35:13,2026-04-06 07:10:00,16.3,LivrHome,2.1,25,livre,36,Important
995,CMD-636,CLI-2120,Christopherport,2024-02-18 05:17:09,2026-02-06 11:48:34,2026-05-10 15:11:29,98.76647173489278,LivrHome,26.4,20,inconnu,93,Important
997,CMD-772,CLI-3381,Mariamouth,2024-06-12 20:11:48,2024-12-12 03:27:06,2025-06-19 06:47:21,99.9,LaBP,5.3,62,en_cours,189,Important
1000,CMD-7938,CLI-8769,East Samuel,2025-04-20 15:11:52,2025-05-11 07:12:15,2026-07-18 13:44:41,114.5,LaBP,72.7,84,en_cours,433,Important
1001,CMD-1624,CLI-4440,Dianashire,2026-05-07 05:28:03,2026-07-29 22:38:20,2026-08-03 02:54:17,97.1,RapidTrans,64.7,61,en_cours,4,Léger
1003,CMD-2775,CLI-9768,Michaelburgh,2024-09-07 01:49:10,2025-09-05 15:45:52,2026-06-12 04:08:38,12.4,KKExpress,39.5,-1,inconnu,279,Important
1004,CMD-6055,CLI-4012,Bennettchester,2026-03-05 18:25:21,2026-03-25 21:23:21,2026-05-20 21:15:29,26.0,RapidTrans,40.9,112,livre,55,Important
1005,CMD-783,CLI-3064,Rodriguezberg,2025-10-19 06:49:11,2026-06-19 19:57:34,2026-08-01 22:22:03,6.3,LaBP,43.0,6,en_cours,43,Important
1008,CMD-191,CLI-5073,Buckstad,2024-08-18 06:47:49,2024-08-24 05:31:41,2024-11-04 07:07:43,98.76647173489278,RapidTrans,40.64122448979591,39,en_cours,72,Important
1013,CMD-3205,CLI-2677,North Grant,2026-05-04 10:37:58,2026-05-28 04:37:44,2026-06-09 05:11:57,83.4,RelaisMaison,23.4,36,livre,12,Important
1015,CMD-726,CLI-400,Bradbury,2024-07-05 04:12:18,2026-05-04 01:05:05,2026-06-13 21:18:55,4.5,LaBP,41.5,14,inconnu,40,Important
1016,CMD-9590,CLI-8546,South Mary,2026-01-25 08:16:46,2026-04-10 11:21:55,2026-04-17 17:17:25,93.6,DDPP,69.7,42,en_cours,7,Important
1020,CMD-5543,CLI-5697,Chenstad,2025-06-03 22:26:17,2026-02-27 04:00:29,2026-06-21 21:27:43,115.8,DDPP,62.7,9,inconnu,114,Important
1021,CMD-6680,CLI-3741,Clineport,2024-01-01 12:10:24,2025-08-27 15:29:59,2026-08-02 19:20:47,12.2,KKExpress,10.5,58,inconnu,340,Important
1022,CMD-9471,CLI-5858,Walshberg,2025-03-30 06:39:32,2026-08-04 03:11:06,2026-08-05 11:28:07,12.6,LaBP,27.4,61,livre,1,A l'heure
1024,CMD-3165,CLI-267,East Nancy,2025-01-30 15:23:26,2025-12-22 00:20:26,2026-05-01 21:19:01,30.9,DDPP,26.1,57,inconnu,130,Important
